listing_id,source_platform,source_url,captured_at,item_type,raw_title,raw_description,MSRP_price,original_price,listed_price,stated_condition,seller_reputation,image_urls,notes,in_run_30
L001,Vestiaire Collective,https://www.vestiairecollective.com/women-clothing/skirts/courreges/white-cotton-courreges-skirt-68783323.shtml,2026-09-04,clothing,Courreges Coated Cotton Mini Skirt in White,"Courreges Coated Cotton Mini Skirt in White. Features a mid rise. Button and zipper fastening. Courreges logo embroidered at the hip. Coated cotton exterior. Cupro lining. Straight hem. This item has been inspected and authenticated by Vestiaire Collective Experts and is ready to ship. Never worn, with tag. Size 34 FR. Measurements; Waist 13in, Hips 17in, Length 14in. Composition; 88% Cotton, 10% Polyurethane, 2% Elastane. Lining: 100% Cupro. Made in Portugal.",,252.00,239.00,"Never worn, with tag",Expert Seller,"https://images.vestiairecollective.com/images/resized/w=1246,q=75,f=auto,/produit/white-cotton-courreges-skirt-68783323-1_1.jpg|https://images.vestiairecollective.com/images/resized/w=1246,q=75,f=auto,/produit/white-cotton-courreges-skirt-68783323-2_1.jpg|https://images.vestiairecollective.com/images/resized/w=1246,q=75,f=auto,/produit/white-cotton-courreges-skirt-68783323-3_1.jpg",condition and size duplicated inside description body; platform authentication boilerplate included per verbatim convention,Y
L002,The RealReal,https://www.therealreal.com/products/women/clothing/dresses/staud-polka-dot-print-long-dress-wbj6a,2026-09-09,clothing,Staud Polka Dot Print Long Dress,"Staud Dress; Black; Polka Dot Print; Cutout & Mesh Accents; Sleeveless with Mock Neck; Concealed Zip Closure at Back
 Fit: Dresses by Staud typically fit true to size. Bust 30”; Waist 24.5”; Hip 32”; Length 61.75”; Gender Women; Fabric 67% Rayon, 29% Nylon, 4% Elastane; Combo 100% Polyamide
 Item # WSTFG119642",325.00,165.00,156.75,Excellent,,https://product-images.therealreal.com/WSTFG119642_1_enlarged.jpg?auto=webp&width=1920|https://product-images.therealreal.com/WSTFG119642_2_enlarged.jpg?auto=webp&width=1920|https://product-images.therealreal.com/WSTFG119642_3_enlarged.jpg?auto=webp&width=1920,"TRR structures measurements as separate fields rather than prose — same pattern as condition labels.""",Y
L003,The RealReal,https://www.therealreal.com/products/women/clothing/dresses/sandy-liang-silk-midi-length-dress-w64wu,2026-09-09,clothing,Sandy Liang Silk Midi Length Dress,"Sandy Liang Silk Dress; Blue & White; Printed; Ruffle Embellishment; Long Sleeve with Mock Neck; Sash-Tie Closure at Front
  Fit: Dresses by Sandy Liang typically fit true to size.
 Bust
 25.25""
 Waist
 22.75""
 Hip
 32.25""
 Length
 44""
 Gender
 Women
 Fabric
 100% Silk; Lining 100% Polyester
 Item #
 SDY27471",480.00,355.00,284.00,Very Good,,https://product-images.therealreal.com/SDY27471_1_enlarged.jpg?auto=webp&width=1920|https://product-images.therealreal.com/SDY27471_2_enlarged.jpg?auto=webp&width=1920|https://product-images.therealreal.com/SDY27471_3_enlarged.jpg?auto=webp&width=1920,,N
L004,The RealReal,https://www.therealreal.com/products/women/clothing/skirts/dries-van-noten-floral-print-long-skirt-wg7o6,2026-09-09,clothing,Dries Van Noten Floral Print Long Skirt,"Dries Van Noten Skirt
  Purple
  Floral Print
  Zip & Button Closure
  Fit: Skirts by Dries Van Noten typically fit true to size.
 Waist
 27.75""
 Hip
 39""
 Length
 38.5""
 Gender
 Women
 Fabric
 50% Cotton, 50% Linen
 Item #
 DRI193609",,,925.00,Excellent,,https://product-images.therealreal.com/DRI193609_1_enlarged.jpg?auto=webp&width=1920|https://product-images.therealreal.com/DRI193609_2_enlarged.jpg?auto=webp&width=1920|https://product-images.therealreal.com/DRI193609_3_enlarged.jpg?auto=webp&width=1920,,N
L005,Poshmark,https://poshmark.com/listing/Johnny-Was-Sofiya-Primula-Burnout-Silk-Tunic-Dress-Blue-Floral-sz-Medium-NEW-6a957cad839f7a7a2e71b790,2026-09-09,clothing,Johnny Was Sofiya Primula Burnout Silk Tunic Dress Blue Floral sz Medium NEW,"Size
M
Condition
New With Tags
Color
Blue
Red
Category
Women
Dresses
Mini
Brand
Johnny Was
Bright blue tunic dress with vibrant floral and paisley print. Multicolored pattern with red, pink, green and yellow accents. Tie neckline and 3/4 sleeves with embroidered cuff detail. Lightweight and easy to wear. Bold, bohemian look.

Bust: 40”
Length:36”
Sleeve Length:17”

Tag Size:medium
Condition:new
Material:82% Rayon/18% Silk

Sku:1023",388.00,,178.00,New with tags,,https://di2ponv0v5otw.cloudfront.net/posts/2026/08/31/6a957cad839f7a7a2e71b790/l_wp_6a957cb04985e89c9473db98.webp|https://di2ponv0v5otw.cloudfront.net/posts/2026/08/31/6a957cad839f7a7a2e71b790/l_wp_6a957cb14941b51c6432faee.webp|https://di2ponv0v5otw.cloudfront.net/posts/2026/08/31/6a957cad839f7a7a2e71b790/l_wp_6a957cb28974d0ad90d96f72.webp|https://di2ponv0v5otw.cloudfront.net/posts/2026/08/31/6a957cad839f7a7a2e71b790/l_wp_6a957cb405ce5716084db88e.webp|https://di2ponv0v5otw.cloudfront.net/posts/2026/08/31/6a957cad839f7a7a2e71b790/l_wp_6a957cb54fcf261bd713b4e4.webp|https://di2ponv0v5otw.cloudfront.net/posts/2026/08/31/6a957cad839f7a7a2e71b790/l_wp_6a957cb6b9dd70aef0b1c144.webp|https://di2ponv0v5otw.cloudfront.net/posts/2026/08/31/6a957cad839f7a7a2e71b790/l_wp_6a957cb856502b89acc1d463.webp|https://di2ponv0v5otw.cloudfront.net/posts/2026/08/31/6a957cad839f7a7a2e71b790/l_wp_6a957cb9ad242aa02ce0843f.webp|https://di2ponv0v5otw.cloudfront.net/posts/2026/08/31/6a957cad839f7a7a2e71b790/l_wp_6a957cba221dcb65e5fdc85a.webp,all poshmark listings have MSRP and listing price,Y
L006,Poshmark,https://poshmark.com/listing/Chanel-Brown-Tweed-Skirt-679519c715460044be476074,2026-09-09,clothing,Chanel Brown Tweed Skity,"Size
FR 40
Color
Brown
Category
Women
Skirts
Midi
Brand
CHANEL
Elegant Chanel tweed skirt. Features button details. Perfect for any occasion. Waist 29.5”. Hip 40.5”","2,500.00",,750.00,,,https://di2ponv0v5otw.cloudfront.net/posts/2025/01/25/679519c715460044be476074/l_67951a561df63662d164b9c2.jpg|https://di2ponv0v5otw.cloudfront.net/posts/2025/01/25/679519c715460044be476074/l_67951a675af6e624d7769a74.jpg|https://di2ponv0v5otw.cloudfront.net/posts/2025/01/25/679519c715460044be476074/l_67951a76c4b73a9ce9a2e964.jpg|https://di2ponv0v5otw.cloudfront.net/posts/2025/01/25/679519c715460044be476074/l_wp_679519d70e5172664a6b1a64.webp|https://di2ponv0v5otw.cloudfront.net/posts/2025/01/25/679519c715460044be476074/l_wp_679519d81546006caf476160.webp|https://di2ponv0v5otw.cloudfront.net/posts/2025/01/25/679519c715460044be476074/l_wp_679519d9c9af8c803b1965da.webp|https://di2ponv0v5otw.cloudfront.net/posts/2025/01/25/679519c715460044be476074/l_wp_679519da07ac557d82b9fae0.webp|https://di2ponv0v5otw.cloudfront.net/posts/2025/01/25/679519c715460044be476074/l_wp_679519dbd399ff6db93d51b8.webp,there was no condition listed here -- poshmark doesn't require a condition listed for a post,Y
L007,eBay,https://www.ebay.com/itm/237040896776?itmmeta=01M23F4CQ477EW97MWAPF5S634&hash=item3730bd0b08:g:BWwAAeSwJ91qRO4L&itmprp=enc%3AAQALAAAA4DKQclQvzFwZQpmMrsO4LupkOyEMOEU1z1iR7dZ05p%2FjuOK6Mv%2BOA9gmbhPbbIjPcK8U8%2FHJ%2FvPP9FhKlJgiWXIgsnFqFb%2Fmflheyi%2BqlwIoksmMwRqF%2FzM5KzjeUphq5KcK7EQVW5As2I5lKFLXLlifQmc4uDQ8psR3HwreG1Reb22N4zZf2C%2BufFgMGK270BA%2BtRDItfr8ZBcW7%2FqXGN1EIWVg3cr7h4zmEsEt--Qsz611e%2BfY0E2eEoLMmzBZre%2FkURyPsMQEmEOgGPKWhFjF6kyRS04W483%2Bro23aLXZ%7Ctkp%3ABFBM7MuR75Bo,2026-09-09,clothing,NEW $248 CITIZENS OF HUMANITY ZURIE STRAIGHT LEG JEANS IN SUTHERLAND SIZE 27,"Color wash is ""sutherland"". a dark blue with fade and whiskering details.
Retails for $248!!! 😲

SAMPLE. Being a SAMPLE the standard cloth/fabric tags are not attached (has garment operator tag). SAMPLES may have slight variances (more often not) such as inseam length, color, and fade details. Please see entire description including additional details, and all pictures, thank you!

New without tag with possible irregularities (or variances). There appears to be color wash irregularities on both side seams. We are not certain if these faint lighter lines are intentional or color mishap. Either way, these jeans look super cool and will continue to fade over time! Please see pictures, thank you. Open to reasonable offers.

The Zurie features a relaxed, straight-leg fit and a flattering high rise, styled in a gorgeous Sutherland color wash. These are seriously THE perfect go-to jeans for an easy, everyday look!

Additional details:
Five pocket styling
Front zipper fly fastening
Waist measures approximately 14.5"" across (flat surface)
Front Rise 11.0""
Inseam is 31.0""
Fabric tag is not attached and we don't know the content; has light/minimal stretch.
Machine washable.

Fabric and seams may be lightly dusty (not stained) from warehouse storage but nothing overt to note.

Condition
New with imperfections
Seller Notes
“Please see description and pictures, thank you!!! 🙂”
Pattern
Solid
Closure
Zip
Size
27
Waist Size
27 in
Garment Care
Machine Washable
Color
Blue
Fabric Type
Denim
Brand
Citizens of Humanity
Fit
Regular
Size Type
Regular
Department
Women
Type
Jeans
Pocket Type
5-Pocket Design
Style
Straight
Season
Fall, Spring, Summer, Winter
Country of Origin
United States",248.00,,128.00,New with imperfections,,https://i.ebayimg.com/images/g/BWwAAeSwJ91qRO4L/s-l1600.webp|https://i.ebayimg.com/images/g/DPAAAeSwwz5qRO4M/s-l1600.webp|https://i.ebayimg.com/images/g/5WsAAeSwmo9qRO4Q/s-l1600.webp|https://i.ebayimg.com/images/g/6CgAAeSwyUdqRO4Q/s-l1600.webp|https://i.ebayimg.com/images/g/G9oAAeSwtqBqRO4M/s-l1600.webp,,Y
L008,Vinted,https://www.vinted.com/items/9943995726-free-people-sherpa-lined-denim-jacket?homepage_session_id=9a083ae2-78d8-4559-b03b-ec47bb05bb26,2026-09-09,clothing,Free People Sherpa Lined Denim Jacket,"I love this jacket. I just never wore it. It’s very warm. It runs true to size. The denim is super soft. The Sherpa is kind of thick so it leaves it a little bit puffy looking. The whole thing is Sherpa aligned, except for the insides of the arms. I took a picture with it buttoned up just so I could show you that the buttons are functional. Brand Free People 
Size
L / US 12-14
Condition
Very good
Material
Denim
Color
Light blue
Uploaded
31 min ago",,,89.95,Very Good,Frequent Uploads,https://images1.vinted.net/t/06_00f12_ag4pbrPhWcGCeoEkdzJy2mWr/f800/a842b1ec.webp?s=ce8ddacaa3859d8c85ee9444c63658439d443f10|https://images1.vinted.net/t/06_021d3_CxzG5RhrDFQNhZcYEoaK8Qc6/f800/fc5b4028.webp?s=03fe47ce0a3aa804f25853061b692afe81dc2bfb|https://images1.vinted.net/t/06_00893_kHovTtszD7UeaVihmQMMFEEZ/f800/90071a88.webp?s=5504ee1acd778468c67f21388d9744e2b25cd9c4|https://images1.vinted.net/t/06_02461_8Tad9ZPskUP4obZifodpLtAg/f800/e261eb85.webp?s=b766360a2360b449cc9b80150f2c7447be5eba1f|https://images1.vinted.net/t/02_011ec_qxiWYdv2kszp22aJyuMCzhkN/f800/e592020c.webp?s=a12a0c828824e24768173c5ddd29c64792f4172a|https://images1.vinted.net/t/02_01dd2_E66EGdPNsVwB9HsyrVagmW6e/f800/5d6c4d2e.webp?s=0f07ffea3bccb6dccbec2f501c149f8215eea81e|https://images1.vinted.net/t/02_00a50_45m83Pbko29bWEvYfd4td86U/f800/c2008a30.webp?s=099269a60d06a6e43060b71b144ef6c39ced4442|https://images1.vinted.net/t/04_01674_38tF5mswAeBEHSkam9p3RLJ3/f800/660fe967.webp?s=418ab267665b21ec3f49c56c1502ddfeb54276b9|https://images1.vinted.net/t/05_0211d_FnMmVcekBCvSrM22WHD3Duo2/f800/91ed5fa3.webp?s=0a503ce12b3fca85bbd6177d4e0b5817a0979b69|https://images1.vinted.net/t/02_022c3_CYANJb8EES2v89AsHfe4LQ6D/f800/112c52c3.webp?s=2b30868c5d75c2ee891da4e6dc1a91efb8582772|,allows for many more photos and includes the seller's listing price and then the official price buyers see is listing + shipping,N
L009,Vinted,https://www.vinted.com/items/9944417319-beaded-dress?homepage_session_id=f1b98e8a-252e-45e9-b6ea-21848ac28803,2026-09-09,clothing,Beaded Dress,"Hand beaded dress! Lime green. Size S. Brand Divali  Size
S / US 4-6
Condition
Good
Color
Green
Uploaded
7 min ago",,,16.45,Good,"Frequent Uploads
Speedy Shipping",https://images1.vinted.net/t/01_001af_R1qrmvxooGmPeaC2St5d7qCK/f800/3d83eae7.webp?s=2a1e8972b938d81d00b663cf049b1ce7cf97617c|https://images1.vinted.net/t/06_00f7b_tsn3en1U3q36TP3YKr9fBxSM/f800/94ce79f3.webp?s=32f24aa4189e2a2dabb6e6513a5cc584548401aa|https://images1.vinted.net/t/02_005a8_2yTwcSjXZg3U4LZgvVMRb9iZ/f800/66d8e4b7.webp?s=cee0b531e642e8a07bb261a7a26985c400c62e5e|https://images1.vinted.net/t/05_01247_WsuCf57iT8wRjexzxpouzkjF/f800/4cfe162f.webp?s=ca5e5cb2891ad7cf92202ba910ed5f73ceeb95fb|https://images1.vinted.net/t/01_01fd8_B2ZZ5chYtvHcbDqSyKb81TNY/f800/161f4cf6.webp?s=2267c4bbf57380a32e0bbe23d88a66656ee84b43|https://images1.vinted.net/t/02_00bc4_bvLBcJV2mkAPHCLnEYDcBTjc/f800/9057433c.webp?s=e010b56c80c35a64061212cfbf7807e77c9b2959|,"vinted seller reputations are badges they earn to show buyers then ship quickly, are on the platform often, etc. -- they have a lot of time based metrics included in the listings",Y
L010,Vinted,https://www.vinted.com/items/9859313744-burberry-trench-coat-us-size-6?referrer=catalog,2026-09-09,clothing,Burberry Trench Coat US size 6,"BrandBurberry
Size
S / US 4-6
Condition
Very good
Material
Cotton
Color
Brown, Beige
Uploaded
a week ago
Burberry Heritage Trench Coat in beautiful chestnut brown color and classic check lining. Size US 4 UK 6 IT 38. INCLUDES ORIGINAL GARMENT BAG; original price $2,850 from 2023 Collection",,,"1,050.70",Very Good,"Frequent Uploads
",https://images1.vinted.net/t/05_0076b_y3K5TVER7xmzNFL3fv8qrVyj/f800/112a29f4.webp?s=c30ecacedea2cf972e196b43dd256ab6c5da85d4|https://images1.vinted.net/t/05_02379_NtkzWJBpaBA4NarFKk4F8WUh/f800/562c6da9.webp?s=5a40980b237873e9a83eeeeb35839dda017e8214|https://images1.vinted.net/t/02_01413_heAbL8mNoYBNFSokq7tdCMrk/f800/ce4088ce.webp?s=d6ec6271592e2750281dbf0cb285b11c599f837f|https://images1.vinted.net/t/05_0152e_d9QQicHKsDyhTVL3hzsoViuc/f800/26c9d8da.webp?s=50e0961ece0598b245baefcbcca4942b406e8483|https://images1.vinted.net/t/01_00415_QsaLNZFAVTvGvUrxJ4r51Wfr/f800/c35053d4.webp?s=63f03ebcff0851d896c81adf21456281f68b2548|https://images1.vinted.net/t/01_009d4_RzbnVGwM1UMBvDDLRATUE8XF/f800/837f454f.webp?s=bce45f000f244dc2d7b0858c1f9083d56a758fa4|https://images1.vinted.net/t/03_00546_JV7TvBAA4ZAwcbfVZYYsc29V/f800/30fc7707.webp?s=7bd6765465c86281eff65fcf4f3cf9a9b84e27cd|https://images1.vinted.net/t/05_009d4_V4JjHGEGMDWs3W8KuRMwtNGx/f800/cfb90793.webp?s=387a585f9ac25b2bae8a1579d27fcb19c0594211|https://images1.vinted.net/t/06_00413_qb2iAcRMbNwRQPfpi4r8Thev/f800/bb21f775.webp?s=bcbb8efe2dcd27ef61caebb15a081e7317f0d1c4|,,Y
L011,Poshmark,https://poshmark.com/listing/Sea-New-York-Patrizia-lace-blouse-6a72a61a88849aecef7a61d2,2026-09-09,clothing,Sea New York Patrizia lace blouse,"Size
2
Condition
Good
Color
White
Category
Women
Tops
Blouses
Brand
Sea
Style Tags
Victorian
Lace
Ruffle
Sea New York Patrizia lace blouse. White lace long sleeve top. Size 2. Open back. In great condition. Shell: 100% cotton. Lining: 100% cotton. Intricate Victorian-inspired cutwork, a high mock neck, and dramatic ruffled shoulder details.
Bust:32”
Front length: 23”
Waist: 26”",,,185.00,Good,Posh Ambassador,https://di2ponv0v5otw.cloudfront.net/posts/2026/08/04/6a72a61a88849aecef7a61d2/l_wp_6a72a6812326c8c4ede74c68.webp|https://di2ponv0v5otw.cloudfront.net/posts/2026/08/04/6a72a61a88849aecef7a61d2/l_wp_6a72a681dbd8f0c6da397a59.webp|https://di2ponv0v5otw.cloudfront.net/posts/2026/08/04/6a72a61a88849aecef7a61d2/l_wp_6a72a6c92981afa0cb1b2fe3.webp|https://di2ponv0v5otw.cloudfront.net/posts/2026/08/04/6a72a61a88849aecef7a61d2/l_wp_6a72a6ca49e17bc726b3c2b1.webp|https://di2ponv0v5otw.cloudfront.net/posts/2026/08/04/6a72a61a88849aecef7a61d2/l_wp_6a72a683a9a4483d1ba1f040.webp|https://di2ponv0v5otw.cloudfront.net/posts/2026/08/04/6a72a61a88849aecef7a61d2/l_wp_6a72a68632f9348c3f7c175b.webp|https://di2ponv0v5otw.cloudfront.net/posts/2026/08/04/6a72a61a88849aecef7a61d2/l_wp_6a72a688f59cc4a6668d597c.webp|https://di2ponv0v5otw.cloudfront.net/posts/2026/08/04/6a72a61a88849aecef7a61d2/l_wp_6a72a6c724d2e7ac417f3856.webp|https://di2ponv0v5otw.cloudfront.net/posts/2026/08/04/6a72a61a88849aecef7a61d2/l_wp_6a72a6c82c9e4422d82108eb.webp,poshmark gives an ambassador role to certain sellers that provides unqiue benefits -- on listings their denoted with a gold star icon next to their handle,N
L012,ThredUp,https://www.thredup.com/product/women-polyester-abercrombie-and-fitch-green-jacket/235682684?query_id=1210709939174850560&result_id=1210709939673972736,2026-09-09,clothing,"Abercrombie & Fitch
Size L
Jacket","Condition
excellent
Practically new: shows no obvious signs of being worn or washed. Our standards

Item details
#235682684
83% polyester, 17% cotton
Trenchcoat, green
Size & fit
Size L Size guide
Item measurements are not available. See mannequin measurements
Eco impact
Buying outerwear secondhand and wearing it 10 times saves the equivalent of:",,,34.99,Excellent,,https://cf-assets-thredup.thredup.com/assets/961925877/retina.jpg|https://cf-assets-thredup.thredup.com/assets/961925914/retina.jpg|https://cf-assets-thredup.thredup.com/assets/961925965/retina.jpg|https://cf-assets-thredup.thredup.com/assets/961925943/retina.jpg|https://cf-assets-thredup.thredup.com/assets/961892949/retina.jpg|https://cf-assets-thredup.thredup.com/assets/961892950/retina.jpg|https://cf-assets-thredup.thredup.com/assets/5408/retina.jpg,"like the realreal, threadup does the listings themselves so they're all standardized; they also include mannekin measurements in images & 360 view",Y
L013,eBay,https://www.ebay.com/itm/366655437752?itmmeta=01M23GE2Z772ZYZCRAX30TRWQS&hash=item555e5dfbb8:g:0dwAAeSwgCRqdAv4&itmprp=enc%3AAQALAAAA4DKQclQvzFwZQpmMrsO4Luph%2BFt1GrR0V%2B0YzaTlk49I838%2BQZFpGhvNbI6wYnT9Y65mO8zcmUYiIVYmtmxk5Iph5CUDdH%2B8sOGB8Op0S4NEaQfg7MiVeP9czVqDsyzlDYOANf4yI7%2Fv1oYBf%2FVr8Ky%2BxKkUzBSmtRgsWd5qG13%2BPJxV9Dt64JFQXBk5xqkvG5SLvk2U48lI5V9ZV3IoK7IK2v3ZypF6POG%2BRg3xy6zo%2B63UjmOGEu6Nl4%2B1NEYkt2D4b81DxkMXrqsmGcqgJz%2BwCIvOjIFTkcQ2xgH2anbW%7Ctkp%3ABk9SR-6vuPCQaA&var=636319003889,2026-09-09,clothing,Realisation The Cora In Mirage Dress,"Condition
New without tags
Seller Notes
“New without tags/Never worn”
Neckline
Halter
Closure
Pullover
Occasion
Business, Casual, Formal, Holy Communion, Party/Cocktail, Travel, Wedding, Workwear
Fabric Type
Woven
Accents
None
Dress Length
Long
Vintage
No
Personalize
No
Department
Women
Style
Bodycon, Sundress
Features
Lightweight
Season
Fall, Spring, Summer
Handmade
No
Pattern
Striped
Sleeve Length
Sleeveless
Character
Barbie, Belle, Daisy, Fairy, Jazz
Garment Care
Dry Clean Only
Color
Multicolor
Material
100% Silk
Brand
Realisation Par
Size Type
Regular
Theme
Art, Beach, Bohemian, Christmas, City, Classic, Clubwear, College, Colorful, Designer, Flower, Hawaiian, Hippie, Holiday, Italian, Korean, London, Movie, Nature
Country/Region of Manufacture
China
Country of Origin
China
Realisation Par The Cora Mirage Dress
 
Brand new without tag
 
Size  :   XS, S, M, L
 
Material  :  100%Silk
 
Measurements ( CM )
 
XS  :  Bust 70  Waist 64  Length 153
 
S    :  Bust 74  Waist 68  Length 154
 
M   :  Bust 78  Waist 72  Length 155
 
L    :  Bust 82  Waist 76  Length 156
 
 
 
Details  :  Cowl neck midi dress. Sheer silk georgette with separate mini under slip. 
 
Non adjustable straps.
 
 
 
 
 
Please do not hesitate to contact me for available size or color. Any problem with goods please feel free 
 
to contact before leaving negative feedback. Thank you for your support.",,,169.00,"New without tags
Never worn",99.7%,https://i.ebayimg.com/images/g/0dwAAeSwgCRqdAv4/s-l1600.webp|https://i.ebayimg.com/images/g/M~kAAeSwEbBqdAv3/s-l1600.webp|https://i.ebayimg.com/images/g/B30AAeSw6XlqdAv4/s-l1600.webp|https://i.ebayimg.com/images/g/KN0AAeSwihxqdAv4/s-l1600.webp|https://i.ebayimg.com/images/g/qd8AAeSwqXxqeo-C/s-l1600.webp|https://i.ebayimg.com/images/g/EXwAAeSw0Kxqeo-D/s-l1600.webp|https://i.ebayimg.com/images/g/R8gAAeSwn~xqeo-D/s-l1600.webp|https://i.ebayimg.com/images/g/dMUAAeSwxxdqeo-D/s-l1600.webp|https://i.ebayimg.com/images/g/f0IAAeSwhyNqeo-L/s-l1600.webp|,"ebays sellers have % ratings to show how positive buyers' experiences with them were previously; the % is based on 4 critera = accurate description, reasonable shipping costs, shipping speed, communication and those scores are averaged over the last 12 months to create the feedback percentage",N
L014,ThredUp,https://www.thredup.com/product/women-cotton-asos-black-active-pants/235769126?query_id=1210709939174850560&result_id=1210709939673972736,2026-09-09,clothing,"ASOS
Size 26 waist
Active pants","Condition
very good
No major flaws. Inspection shows: minor wear on fabric. Our standards

Item details
#235769126
73% cotton, 25% polyester, 2% elastane
Heart print, black, skinny leg cut, high rise waist
Size & fit
Size 26 waist Size guide
This brand uses a non-standard sizing scale. Refer to their size chart for the best fit.
Measured at 27.75"" inseam, 25"" waist, 13.25"" rise (approx.) Details
Eco impact
Buying active pants secondhand and wearing them 10 times saves the equivalent of:


138.78
glasses of drinking water

127.71
hours of an LED lightbulb

0.74
miles of driving emissions",48.00,,23.99,Very Good,,https://cf-assets-thredup.thredup.com/assets/962637165/retina.jpg|https://cf-assets-thredup.thredup.com/assets/962637209/retina.jpg|https://cf-assets-thredup.thredup.com/assets/962637267/retina.jpg|https://cf-assets-thredup.thredup.com/assets/962637240/retina.jpg|https://cf-assets-thredup.thredup.com/assets/962422640/retina.jpg|https://cf-assets-thredup.thredup.com/assets/5412/retina.jpg,threadup provides great measurement images to increase buying confidence ,N
L015,eBay,https://www.ebay.com/itm/407182972885?itmmeta=01M23H0GMA401BW36583RXQNMY&hash=item5ecdff17d5:g:46IAAeSwJm1qlbVA&itmprp=enc%3AAQALAAAA4DKQclQvzFwZQpmMrsO4LurU58hgfrIP%2B3Wv9LmxYJdTH4j056tNsMfsa499y0yclkr7I4mSAiLH4lnVm5KSEupVo0F6uYJQ6BECz812Mg02Fz456xOi%2BRkMjWQmtH%2FsiyVGMtLGRD5z5tbuj9%2BdraKEUt2351i%2FKNs%2FoVyJyj5DSAyIZmk%2BxTfub9chpVF4w9C5jNiPjn6cnXIxkckN5QsoXZ2kHjxgTo0bSbEm6F3snAoPRA8lnA6zUBEfYrSs9gE9%2FSNyF8xIdZdSmAvvP7RxYwb17D%2BNGxgOoNwqnjk7%7Ctkp%3ABk9SR7iKgvGQaA&var=677353719957,2026-09-09,clothing,The Endery Bauhaus Short Sleeve Sweater Tee in Rhodolite,"Condition
New with tags: This item is brand new and has never been worn. It still has the original tags and/or original packaging. See all condition definitionsopens in a new window or tab
Brand
The Endery
Size Type
The Endery Bauhaus Short Sleeve Sweater Tee in Rhodolite
Color
ENDSS25/STABAUHA-CO4-N-XXL
Department
Sweaters
Type
Sweaters
Country of Origin
China
The Endery's signature Bauhaus Tee—crafted from deadstock Pima cotton and designed with a bold jacquard knit. Lightweight, breathable, and easy to style, it’s a wardrobe essential.

• Slightly cropped and boxy body

• 100% Cotton

• Artisan made in Peru with Fair Trade practices to maintain ethical and responsible integrity

• Designed for a relaxed, oversized fit. Stick with your usual size for the intended look, size up for an even roomier fit, or size down for a tighter fit.",,168.00,142.80,New with tags,99.8%,https://i.ebayimg.com/images/g/46IAAeSwJm1qlbVA/s-l1600.webp|https://i.ebayimg.com/images/g/0HoAAeSw69pqlbVA/s-l1600.webp|https://i.ebayimg.com/images/g/eJkAAeSwGDJqlbVA/s-l1600.webp|https://i.ebayimg.com/images/g/RtAAAeSwA-tqlbVA/s-l1600.webp|https://i.ebayimg.com/images/g/fqYAAeSwq2JqlbVA/s-l1600.webp|https://i.ebayimg.com/images/g/eKsAAeSw6o5qlbVA/s-l1600.webp|https://i.ebayimg.com/images/g/0CwAAeSwZERqlbU~/s-l1600.webp,,N
L016,The RealReal,https://www.therealreal.com/products/women/shoes/pumps/fendi-zucca-ff-logo-leather-slingback-pumps-w5nxs,2026-09-09,shoes,Fendi Zucca FF Logo Leather Slingback Pumps,"Fendi Leather Slingback Pumps
Green
Animal Print
Zucca FF Logo
Semi-Pointed Toes
Straps & Buckle Closure at Sides
Includes Box & Dust Bag
Fit: Pumps by Fendi typically run small, consider taking a half size up.
Heels
3""
Platforms
0.25""
Gender
Women
Item #
FEN449595",890.00,495.00,470.25,Excellent,,https://product-images.therealreal.com/FEN449595_1_enlarged.jpg?auto=webp&width=1920|https://product-images.therealreal.com/FEN449595_2_enlarged.jpg?auto=webp&width=1920|https://product-images.therealreal.com/FEN449595_3_enlarged.jpg?auto=webp&width=1920|https://product-images.therealreal.com/FEN449595_4_enlarged.jpg?auto=webp&width=1920|https://product-images.therealreal.com/FEN449595_5_enlarged.jpg?auto=webp&width=1920,there were more than 3 photos for this shoe's listing,Y
L017,The RealReal,https://www.therealreal.com/products/women/shoes/flats/soeur-leather-flats-wgouh,2026-09-09,shoes,"Soeur

Leather Flats

Women's Size: 11","Soeur Leather Flats
Green
Semi-Pointed Toes
Includes Box & Dust Bag
Unfortunately, due to restrictions, this item may not be eligible for shipping in all areas.
Platforms
0.5""
Gender
Women
Item #
WSEOU23785",,,295.00,Very Good,,https://product-images.therealreal.com/WSEOU23785_1_enlarged.jpg?auto=webp&width=1920|https://product-images.therealreal.com/WSEOU23785_2_enlarged.jpg?auto=webp&width=1920|https://product-images.therealreal.com/WSEOU23785_3_enlarged.jpg?auto=webp&width=1920|https://product-images.therealreal.com/WSEOU23785_4_enlarged.jpg?auto=webp&width=1920|https://product-images.therealreal.com/WSEOU23785_5_enlarged.jpg?auto=webp&width=1920,,N
L018,The RealReal,https://www.therealreal.com/products/women/shoes/sneakers/new-balance-x-miu-miu-530-sl-athletic-sneakers-wgbjg,2026-09-09,shoes,"New Balance x Miu Miu

530 SL Athletic Sneakers

Women's Size: 7.5","New Balance x Miu Miu 530 SL Low Top Athletic Sneakers
Brown Leather
Round-Toes
Lace-Up Closure at Uppers
Platforms
0.5""
Gender
Women
Item #
WNBMM20839","1,490.00",,"1,195.00",Good,,https://product-images.therealreal.com/WNBMM20839_1_enlarged.jpg?auto=webp&width=1920|https://product-images.therealreal.com/WNBMM20839_2_enlarged.jpg?auto=webp&width=1920|https://product-images.therealreal.com/WNBMM20839_3_enlarged.jpg?auto=webp&width=1920|https://product-images.therealreal.com/WNBMM20839_4_enlarged.jpg?auto=webp&width=1920|https://product-images.therealreal.com/WNBMM20839_5_enlarged.jpg?auto=webp&width=1920,,Y
L019,Poshmark,https://poshmark.com/listing/Laredo-Womens-Brown-and-Blue-Heeled-Boots-Sz-65-6a86fb26d47f7e9017469a1d,2026-09-09,shoes,Laredo Women's Brown and Blue Heeled Boots Sz 6.5,"Size
6.5 M
Color
Brown
Blue
Category
Women
Shoes
Heeled Boots
Brand
Laredo
Stylish heeled boots with brown leather and blue embroidered design. Perfect for a chic look.
Women’s Laredo, leather upper cowboy boots
In good condition, some marking on the leather see photos see all photos
Heels and inside in good shape
Ships from non-smoking non-pet household
Size 6 1/2
Open to reasonable offers !",,,71.00,Good,Posh Ambassador II,https://di2ponv0v5otw.cloudfront.net/posts/2026/08/20/6a86fb26d47f7e9017469a1d/l_wp_6a86fb26d47f7e9017469a1e.webp|https://di2ponv0v5otw.cloudfront.net/posts/2026/08/20/6a86fb26d47f7e9017469a1d/l_wp_6a86fb27d47f7e9017469a6c.webp|https://di2ponv0v5otw.cloudfront.net/posts/2026/08/20/6a86fb26d47f7e9017469a1d/l_wp_6a86fb28d47f7e9017469ab0.webp|https://di2ponv0v5otw.cloudfront.net/posts/2026/08/20/6a86fb26d47f7e9017469a1d/l_wp_6a86fb28d47f7e9017469ae2.webp|https://di2ponv0v5otw.cloudfront.net/posts/2026/08/20/6a86fb26d47f7e9017469a1d/l_wp_6a86fb28d47f7e9017469b38.webp|https://di2ponv0v5otw.cloudfront.net/posts/2026/08/20/6a86fb26d47f7e9017469a1d/l_wp_6a86fb29d47f7e9017469b75.webp|https://di2ponv0v5otw.cloudfront.net/posts/2026/08/20/6a86fb26d47f7e9017469a1d/l_wp_6a86fb29d47f7e9017469bc9.webp|https://di2ponv0v5otw.cloudfront.net/posts/2026/08/20/6a86fb26d47f7e9017469a1d/l_wp_6a86fb2ad47f7e9017469c28.webp|https://di2ponv0v5otw.cloudfront.net/posts/2026/08/20/6a86fb26d47f7e9017469a1d/l_wp_6a86fb2bd47f7e9017469c6b.webp,the condition was informally listed in the description self-described by the seller,Y
L020,Poshmark,https://poshmark.com/listing/Merrell-Shiloh-Peak-Boots-Womens-8-Black-Leather-Moto-Buckle-Mid-Calf-J69924-6a85e82ffa6ace5debda8d0b,2026-09-09,shoes,Merrell Shiloh Peak Boots Women's 8 Black Leather Moto Buckle Mid Calf,"Size
8
Condition
Good
Color
Black
Category
Women
Shoes
Lace Up Boots
Brand
Merrell
Merrell Shiloh Peak Boots Women's 8 Black Leather Moto Bike Buckle Harness Mid Calf J69924

Product Detail

* Brand: Merrell
* Department: Women's
* Color: Black
* Type: Shoes

- Pre-owned Shoes

- Shipped with USPS Mail.",,,64.00,Good,,https://di2ponv0v5otw.cloudfront.net/posts/2026/08/19/6a85e82ffa6ace5debda8d0b/l_wp_6a85e82f17a3c420edb6af5c.webp|https://di2ponv0v5otw.cloudfront.net/posts/2026/08/19/6a85e82ffa6ace5debda8d0b/l_wp_6a85e830e625d29f173dee88.webp|https://di2ponv0v5otw.cloudfront.net/posts/2026/08/19/6a85e82ffa6ace5debda8d0b/l_wp_6a85e82febb1a58b2b099842.webp|https://di2ponv0v5otw.cloudfront.net/posts/2026/08/19/6a85e82ffa6ace5debda8d0b/l_wp_6a85e82f28951f1665bb8b87.webp|https://di2ponv0v5otw.cloudfront.net/posts/2026/08/19/6a85e82ffa6ace5debda8d0b/l_wp_6a85e82f6c3583d693704871.webp|https://di2ponv0v5otw.cloudfront.net/posts/2026/08/19/6a85e82ffa6ace5debda8d0b/l_wp_6a85e82f70333fe6bc9f0bd8.webp|https://di2ponv0v5otw.cloudfront.net/posts/2026/08/19/6a85e82ffa6ace5debda8d0b/l_wp_6a85e830221dcbb9f3236c3f.webp|https://di2ponv0v5otw.cloudfront.net/posts/2026/08/19/6a85e82ffa6ace5debda8d0b/l_wp_6a85e82f7e297bd883b838c9.webp|https://di2ponv0v5otw.cloudfront.net/posts/2026/08/19/6a85e82ffa6ace5debda8d0b/l_wp_6a85e830e625d296e03dee83.webp|https://di2ponv0v5otw.cloudfront.net/posts/2026/08/19/6a85e82ffa6ace5debda8d0b/l_wp_6a85e8308925d34f6616204b.webp|https://di2ponv0v5otw.cloudfront.net/posts/2026/08/19/6a85e82ffa6ace5debda8d0b/l_wp_6a85e8304941b532fcdc3b6f.webp|https://di2ponv0v5otw.cloudfront.net/posts/2026/08/19/6a85e82ffa6ace5debda8d0b/l_wp_6a85e830946da284831f8923.webp|https://di2ponv0v5otw.cloudfront.net/posts/2026/08/19/6a85e82ffa6ace5debda8d0b/l_wp_6a85e82f13a64777d5539804.webp|https://di2ponv0v5otw.cloudfront.net/posts/2026/08/19/6a85e82ffa6ace5debda8d0b/l_wp_6a85e8309709886bdba85fed.webp|https://di2ponv0v5otw.cloudfront.net/posts/2026/08/19/6a85e82ffa6ace5debda8d0b/l_wp_6a85e830e912b35ce6022e18.webp,similarly all conditions are self-reported by sellers for poshmark and the peer-to-peer sites often have many more photos to assess the items then the sites that do listing for you like the realreal and threadup,N
L021,Poshmark,https://poshmark.com/listing/Stylish-Black-and-White-HighTop-Sneakers-67af00b3c4b73abcb21ae5cb,2026-09-09,shoes,Stylish Black and White High-Top Sneakers,"Size
6
Condition
New With Tags
Color
Black
Silver
Category
Women
Shoes
Sneakers
Brand
Gianni Bini
Style Tags
High Top Sneakers
Casual
Activewear
Trendy high-top sneakers with sparkling details. Black and silver design. Perfect for casual wear.",,118.00,32.00,New with tags,Posh Ambassador,https://di2ponv0v5otw.cloudfront.net/posts/2025/02/14/67af00b3c4b73abcb21ae5cb/l_wp_67af01640c0a3f295e4d4b7f.webp|https://di2ponv0v5otw.cloudfront.net/posts/2025/02/14/67af00b3c4b73abcb21ae5cb/l_wp_67af00b5ed3f4a12ff47b067.webp|https://di2ponv0v5otw.cloudfront.net/posts/2025/02/14/67af00b3c4b73abcb21ae5cb/l_wp_67af0164c9af8c30160a775a.webp|https://di2ponv0v5otw.cloudfront.net/posts/2025/02/14/67af00b3c4b73abcb21ae5cb/l_wp_67af016687aeb66eab9ff0dc.webp|https://di2ponv0v5otw.cloudfront.net/posts/2025/02/14/67af00b3c4b73abcb21ae5cb/l_wp_67af0169f9927c55bec044c0.webp|https://di2ponv0v5otw.cloudfront.net/posts/2025/02/14/67af00b3c4b73abcb21ae5cb/l_wp_67af016acf86b11865010fa2.webp|https://di2ponv0v5otw.cloudfront.net/posts/2025/02/14/67af00b3c4b73abcb21ae5cb/l_wp_67af016b6ccbb61cd53298ff.webp|https://di2ponv0v5otw.cloudfront.net/posts/2025/02/14/67af00b3c4b73abcb21ae5cb/l_wp_67af016cf9927c8ec1c044c9.webp|https://di2ponv0v5otw.cloudfront.net/posts/2025/02/14/67af00b3c4b73abcb21ae5cb/l_wp_67af016d20684715944ec998.webp|https://di2ponv0v5otw.cloudfront.net/posts/2025/02/14/67af00b3c4b73abcb21ae5cb/l_wp_67af016e2d829a98a00b5b8a.webp|https://di2ponv0v5otw.cloudfront.net/posts/2025/02/14/67af00b3c4b73abcb21ae5cb/l_wp_67af016e147b982f93a3bb9b.webp,this one had a red star next to it vs. the gold star which I see indicates a difference in posh ambassador levels -- there is the red just post ambassador and the gold posh ambassador II,N
L022,Vinted,https://www.vinted.com/items/9916194184-mary-jane-shoes?referrer=catalog,2026-09-09,shoes,Mary Jane shoes,"Brand& Other Stories
Size
6.5
Condition
New with tags
Color
Cream
Uploaded
2 days ago
Cream converse dupes",,,17.50,New with tags,Frequent Uploads,https://images1.vinted.net/t/05_00cd4_eEiem3Boq3pLTBzsiQXaqq4x/f800/d3835915.webp?s=a9dcf7473fee07c16d4d2f286659c759db4ce2c0|https://images1.vinted.net/t/01_006c3_SRAfDNPWx9dQ3FPJWKRAarHo/f800/6035b2a8.webp?s=2d947d6fef1f60ba80971c4adcd5cc4ec974146e|https://images1.vinted.net/t/01_02575_x8e3Rmtb39GE1C87TgGoYgaL/f800/8e770348.webp?s=22170cd46d69f4f6c2493e029c410754b517b25a|https://images1.vinted.net/t/02_0186e_t2tVghUo3gWjuyXx643gvrXS/f800/d871a64b.webp?s=33a84323c8f8d2e0b60e37c724671200e0f7f1e0|https://images1.vinted.net/t/01_0049c_ywLuXdkW1vJcDQz95r9u9mjG/f800/520c1638.webp?s=bf010956cea62b131ccd903f365a50096669a7e1|https://images1.vinted.net/t/02_02367_W3ojksL3rPFfWAeqi4PMZD3V/f800/cf2463a1.webp?s=b22b1b7c70fb265a71724a3e0f9d170229423e01|,"frequently uploads means ""Regularly lists 5 or more items.""",Y
L023,Vinted,https://www.vinted.com/items/9947138185-brooks-tennis-shoes-womens-size-10-wide-hot-pink-amd-gray?referrer=catalog,2026-09-09,shoes,Brooks Tennis Shoes - Women's size 10 WIDE - Hot Pink amd Gray,"BrandBrooks
Size
10
Condition
Satisfactory
Color
Pink, Gray
Uploaded
9 min ago
These shoes have been worn a bit and I tried to get pictures of the imperfections, but there is still a lot of wear left in them.

They are a women's size 10 wide.",,,13.30,Satisfactory,"Frequent Uploads
Speedy Shipping",https://images1.vinted.net/t/05_003ec_QzvV9si1a5DeByBPp49cunzt/f800/18db333a.webp?s=c558035663f1061895b3f234a70148eb1bc94e43|https://images1.vinted.net/t/05_01dc3_uiqESqmMuznDpTThhcWtUysg/f800/c916b367.webp?s=db432c51ef248da0323f259ba31d3bc04ae89d1b|https://images1.vinted.net/t/02_0217a_A9oo3nRwFmJ5eq42BK7VFfrY/f800/a6f95ed2.webp?s=d3df40618243accfc4e95b0856c8d5542566aa62|https://images1.vinted.net/t/06_02342_o7jsJQZZJuLqVMnqxe5gLsBm/f800/6df97bda.webp?s=de47b69b77348a4511513db7935d4d60a907641d|https://images1.vinted.net/t/01_01592_NWJBJydBWH92F35Su6YHPRq5/f800/781281f5.webp?s=1eedc71b63890ea47b43cd34a1203513524168eb|https://images1.vinted.net/t/05_0077d_pSzm6tXVKeR2uqKbXUpiPMCY/f800/2bc86931.webp?s=3964dbc5ea35b4ea706694e1a54b39c26d42ddea|https://images1.vinted.net/t/01_02108_yLAJBGrbCUWnutwyY3eu4bfj/f800/b04326b5.webp?s=974a08db5330a51e2aa2d341b76b5a4e09a34d41|,"""Satisfactory: A well-used item that shows clear signs of wear and imperfections, but still works as intended"" -- vinted's own description and its other condition definitions are:


New: A brand-new, unused, and unopened item in its original condition, with all its original packaging and accessories

Like new: A brand-new, unused item in its original condition, either opened or without its original packaging

Very good: A gently-used item in excellent condition, with minor imperfections that don't affect its overall appearance or use

Good: A regularly-used item in good condition that shows wear, but still works well for its intended purpose

Satisfactory: A well-used item that shows clear signs of wear and imperfections, but still works as intended

Needs repair (only applicable for electronic devices): An item that no longer works as intended, with broken or missing parts

and ""speedy shipping"" status = ""Sends items promptly — usually within the next 24 hours.""",Y
L024,Vinted,https://www.vinted.com/items/9946964377-burgundy-suede-size-7-boots?referrer=catalog,2026-09-09,shoes,Burgundy suede size 7 boots,"Size
7
Condition
Very good
Material
Suede
Color
Burgundy, Brown
Uploaded
28 min ago
These beautiful slightly worn 3"" heel, like new Burgundy boots feel good on. Man made material in women's size 7.",,,21.70,Very Good,,https://images1.vinted.net/t/01_006fb_1zZRAHtLxmWQtNVgvXU45ytd/f800/996ca588.webp?s=b2d61b14acbb0df0537caea2b93a8af06f773e75|https://images1.vinted.net/t/02_01736_QE5pJ51Yuztra7ZgEGBW4Tt9/f800/d572bfcd.webp?s=1034adda109b2210f555c2e567d9093ccdedc700|https://images1.vinted.net/t/02_00d95_3A27XTDTZJDet96dGX3hULbn/f800/2e6314b6.webp?s=085c18d0487aaf626eff056fc83c7d2df1351f3c|https://images1.vinted.net/t/06_01e8a_zCKDwVJkc7M9Ziy8w2uP6k1n/f800/d2f4b299.webp?s=bee6c6f6e6e8a14be5e841bf22deaaf705f616b8|https://images1.vinted.net/t/05_00886_oAFQpqepH6pWkZQAxvj1WJQU/f800/c3d931a6.webp?s=24650165f27aefe28789506cd31ee65652f134e3|https://images1.vinted.net/t/01_0140e_Znie1jYMFNmyLmx7Q6Exuok6/f800/64c34ea9.webp?s=ac2b9fa394a10dbae3590230d6a37a8c94d2ab13|https://images1.vinted.net/t/02_01446_YUtegzspjtSZszhJGe8UvUqo/f800/8ed8632c.webp?s=74963d049c4439dff99d2268595b5b082ba5d792|https://images1.vinted.net/t/04_0061c_PGzf1vQPed84dre6vHCE75RN/f800/3dbccb19.webp?s=8e1b97c40e38fcc8db1149ebccd7bc3c173ff768|https://images1.vinted.net/t/04_00c84_vR8va5x5Pdz76Rhn5VrrBK4h/f800/8f20fab7.webp?s=909fa9de0ea34c3223f08af133932a49fe316e38|,lots of blurry photos here that you wouldn't find on threadup or the realreal because they are listed professionally versus peer-to-peer has the risk of blurry photography,N
L025,eBay,https://www.ebay.com/itm/820107625506?itmmeta=01M23XSMETFBAS3M51NT6BXZ36&hash=itembef2394422:g:AcYAAeSwyBRqob5V&itmprp=enc%3AAQALAAAAwDKQclQvzFwZQpmMrsO4LurTBnlgCXoFMG28XIWXaVJBMaaRpVmkHE7e%2FHX29RL4iYFcbvIzhOzqgW1SD75XNzFwAZgRbShEctpqwiIRxJFtaNOY%2FJEE%2BiVj7X98Tv6IdCy0S26PTQ5Z%2BhbRYhQJj7Ju%2F86xz0Ecs%2FnzZPf%2FYt4aBmUCIV7yqJB6xnaOeJEc0v%2FPSlFmimcyQnrrtGBaMVHQdUDfbA8OWjl1DI87SD83A%2FCKDrApz8kgAU85RPTAug%3D%3D%7Ctkp%3ABk9SR9bH5v2QaA,2026-09-09,shoes,THE ROW Park Leather Loafers Pumps EU36.5,"Condition
Pre-owned - Excellent: This item has been previously worn; however, it is in excellent condition. ... Read moreabout the condition
Type
Flat
Brand
THE ROW
Department
Women
US Shoe Size
6.5
EU Shoe Size
36.5
Color
Black
Style
Loafer
Upper Material
Leather
Country of Origin
Italy

Size: EU36.5

Only worn once.

Please look at all the photos for details.",,,800.00,Pre-owned - Excellent,,https://i.ebayimg.com/images/g/~Z8AAeSwG~Zqob52/s-l1600.webp|https://i.ebayimg.com/images/g/-xgAAeSwzf9qob5B/s-l1600.webp|https://i.ebayimg.com/images/g/BUUAAeSwHkNqob5q/s-l1600.webp|https://i.ebayimg.com/images/g/~Z8AAeSwG~Zqob52/s-l1600.webp|https://i.ebayimg.com/images/g/~skAAeSwKCpqob5D/s-l1600.webp|https://i.ebayimg.com/images/g/AcYAAeSwyBRqob5V/s-l1600.webp,"Pre-owned - Excellent = This item has been previously worn; however, it is in excellent condition. Any signs of use should be shown and described in the seller’s listing.

this is also an authenticated item --> Shop with confidence
Authenticity Guarantee
Your purchase is carefully inspected for authenticity and condition, backed by eBay Money Back Guarantee. ",Y
L026,eBay,https://www.ebay.com/itm/800633274460?itmmeta=01M23Y0BFDJ8BVK61TX8MCA7N7&hash=itemba6976405c:g:oYoAAeSwZU5qoKmH&itmprp=enc%3AAQALAAAAwDKQclQvzFwZQpmMrsO4LuoHgqYjg0%2BT2jjH0P6xnA%2FcElJ4pdXelkWyUPPpUhJjmN9vsuV0hoAB4mXB5GCnZPF8nMtEpl%2FSf4tAt7aYtiKdQ7%2F0eOAOf2kAv5%2BbUq7AwKupBe8TY4cLGMY52Wg1dRTXU11AGNJE%2BlmjkCvCMc0oDchzbTWbbsWHKIefQQWJj4yTw%2FmU6Sp6oXrCVVn6nKbOPqkdK0zfb%2FYsFcukLQn8kiQ0jqDQqGjL957RGBycEg%3D%3D%7Ctkp%3ABk9SR_y3gf6QaA,2026-09-09,shoes,Prada Women’s Burgundy Penny Loafers Size 38EU/ 7.5 Women’s Moccasins,"Condition
Pre-owned - Good: This item has been gently used but is in good condition. It might have a few signs ... Read moreabout the condition
Brand
PRADA
Department
Women
Type
Flat
US Shoe Size
7.5
Color
Red
Model
Penny
Style
Loafer
Upper Material
Patent Leather

The product is a pair of Prada Women’s Burgundy Penny Loafers in size 10. These stylish and elegant loafers are crafted from patent leather, featuring a classic red color that adds a pop of sophistication to any outfit. Perfect for a sleek and polished look, these loafers are a versatile addition to any woman's shoe collection.",,,95.00,Pre-Owned - Good,,https://i.ebayimg.com/images/g/oYoAAeSwZU5qoKmH/s-l1600.webp|https://i.ebayimg.com/images/g/qYQAAeSwibxqoKlz/s-l1600.webp|https://i.ebayimg.com/images/g/rFsAAeSwwyhqoKl8/s-l1600.webp|https://i.ebayimg.com/images/g/tbYAAeSwnzJqoKlz/s-l1600.webp|https://i.ebayimg.com/images/g/tOoAAeSwtuBqoKl3/s-l1600.webp|https://i.ebayimg.com/images/g/luUAAeSw3hBqoKl2/s-l1600.webp|https://i.ebayimg.com/images/g/QC0AAeSwDw1qoKl8/s-l1600.webp|https://i.ebayimg.com/images/g/gAAAAeSwv8BqoKmH/s-l1600.webp|,there is an entire sub category of pre-owned condition standards in addition to new standards,N
L027,eBay,https://www.ebay.com/itm/398371986304?itmmeta=01M23Y85MG3ZQ5YFBMB4WPEYDW&hash=item5cc0d21b80:g:OJAAAeSwTy1qn5~P&itmprp=enc%3AAQALAAAA4DKQclQvzFwZQpmMrsO4Lur7f8Zj26sWz33WgIDkLQDTBio9mB5k%2Fh1C7PuJ5oWISDS1SnsSZcS%2FO6xQipJzo%2FrUw3Riu6DgIODkBr2%2FTYTmIqRLvcAtvXg9uBugfOgjeKnDhbZC8e5kDjLxe7bvLkT9kjCZO9uLmUKHthjxnL2yDLPX8WlZRqJ75VyoSWE8aTtnD4lAozVWuU5vWfvTEMbVXEHIfgGiuvdZskpbzRkjjwMIaEoq%2BVflusKSzXtGuIleOq7hhCtQAXoY%2F56bvswYHZfrVTSNJPuP87hYeLpi%7Ctkp%3ABk9SR8DaoP6QaA,2026-09-09,shoes,Rachel comey archival black leather cage strap fisherman sandal heel women’s 7.5,"Condition
Pre-owned - Fair: This item has significantly visible imperfections and signs of use. All imperfections should be shown and described in the seller’s listing. See all condition definitionsopens in a new window or tab
US Shoe Size
7.5
Lining Material
Leather
Color
Black
Vintage
No
Brand
Rachel Comey
Personalize
No
Department
Women
Type
Heel
Customized
No
Heel Style
Block
Outsole Material
Leather
Style
Pump
Upper Material
Leather
Insole Material
Leather
Season
Summer, Spring, Fall, Winter

Rachel comey archival black leather cage strap fisherman sandal heel women’s 7.5

9.5” L
Run slightly small and narrow, closer to a 7
Entirely made of leather
Velcro closure
Some wear and scuffing-see all photos
Very rare 2000s archival design
Sold as is

#rachelcomey #maryjane #buckle #archival #leather",,,119.00,Pre-Owned - Fair,97.7%,https://i.ebayimg.com/images/g/OJAAAeSwTy1qn5~P/s-l1600.webp|https://i.ebayimg.com/images/g/SawAAeSwBX5qn5~R/s-l1600.webp|https://i.ebayimg.com/images/g/J5gAAeSw2FFqn5~R/s-l1600.webp|https://i.ebayimg.com/images/g/S4gAAeSwZoJqn5~R/s-l1600.webp|https://i.ebayimg.com/images/g/JRAAAeSwpZdqn5~R/s-l1600.webp|https://i.ebayimg.com/images/g/Jm0AAeSwdntqn5~T/s-l1600.webp|https://i.ebayimg.com/images/g/I3oAAeSwXHtqn5~S/s-l1600.webp|https://i.ebayimg.com/images/g/V2QAAeSwnz9qn5~T/s-l1600.webp|,"Pre-owned - Fair

This item has significantly visible imperfections and signs of use. All imperfections should be shown and described in the seller’s listing.

ebay has really indepth condition standard descriptions: https://www.ebay.com/help/selling/listings/creating-managing-listings/item-conditions-category?id=4765",Y
L028,Vestiaire Collective,https://www.vestiairecollective.com/women-shoes/flats/eugenia-kim/black-patent-leather-eugenia-kim-flats-70860497.shtml?personalized=1&sortBy=3&ts=1788986545747&_gl=1*6z4y11*_up*MQ..*_gs*MQ..&gclid=Cj0KCQjwh4TVBhCWARIsAG0czmoIp5CcozggY0W1egoZNxDcS0HqWMSDL5AUvmBO42NAWPjLPViehRkaAofYEALw_wcB&gbraid=0AAAAADSZTnIoQg9Q4JMMKoLV2zOdR3GwF#categoryParent=Shoes%233_gender=Women%231_localCountries=1,2026-09-09,shoes,Eugenia Kim Patent Leather flats,"Eugenia Kim “Matilda” Eelskin & Genuine Mink Fur Pointed Flats

Without Original Box

A rare footwear design from celebrated New York accessories designer Eugenia Kim, the Matilda flat combines exotic-textured eelskin with a plush genuine mink vamp for a striking mix of polish, softness and understated eccentricity.

The sleek upper is crafted from glossy black eelskin, displaying the naturally distinctive narrow-grained texture and subtle tonal variation characteristic of the material. Rather than appearing like conventional smooth patent leather, the surface has an organic, lightly segmented character with visible stitched panel construction.

Across the forefoot sits an oversized band of genuine mink fur in a sophisticated cool gray / taupe tone. The dense, exceptionally soft fur creates dramatic dimension while leaving the sharply tapered black toe exposed.

The silhouette remains elegant and wearable, featuring a long pointed toe, very low stacked heel and streamlined low-cut profile. A warm tan leather interior adds a refined contrast to the black exterior.

Details
Designer: Eugenia Kim
Model: Matilda
Original MSRP: $895
Condition: New Without Original Box
Women's Size: 39 EU — label
US Equivalent: 9 US Women's — Eugenia Kim size chart
Upper: Genuine black eelskin
Trim: Genuine mink fur
Fur Color: Cool gray / taupe
Interior: Tan leather
Toe: Pointed
Heel: Very low stacked heel
Outsole: Black leather with protective heel/toe contact sections
Made in Italy only if you want to include it after confirming the outsole stamp clearly states it

The dramatic combination of eelskin, genuine mink and a razor-clean pointed silhouette makes the Matilda feel more like a collectible Eugenia Kim fashion piece than a conventional flat.

Details
Online since:2026-09-09
Categories :Women
Category:Shoes
Sub-category:Flats
Designer:Eugenia Kim
Condition:Very good conditionMore info
Material:Patent leather
Colour:Black
Size:39 EUsize guide
Location:United States, from the seller _ToddOll
Reference:70860497",,503.00,210.00,Very Good,Professional,"https://images.vestiairecollective.com/images/resized/w=1024,q=75,f=auto,/produit/black-patent-leather-eugenia-kim-flats-70860497-1_2.jpg|https://images.vestiairecollective.com/images/resized/w=1024,q=75,f=auto,/produit/black-patent-leather-eugenia-kim-flats-70860497-2_2.jpg|https://images.vestiairecollective.com/images/resized/w=1024,q=75,f=auto,/produit/black-patent-leather-eugenia-kim-flats-70860497-3_2.jpg|https://images.vestiairecollective.com/images/resized/w=1024,q=75,f=auto,/produit/black-patent-leather-eugenia-kim-flats-70860497-4_2.jpg",Professional sellers on vestiaire need to show proof of registered business ,N
L029,Vestiaire Collective,https://www.vestiairecollective.com/women-shoes/heels/dior/black-patent-leather-baby-d-dior-heels-70744414.shtml?_gl=1*1o5cs5l*_up*MQ..&gclid=Cj0KCQjwh4TVBhCWARIsAG0czmoIp5CcozggY0W1egoZNxDcS0HqWMSDL5AUvmBO42NAWPjLPViehRkaAofYEALw_wcB&gbraid=0AAAAADSZTnIoQg9Q4JMMKoLV2zOdR3GwF,2026-09-09,shoes,Dior Baby-d Patent leather heels Vintage,"Vintage Dior Monogram Charm Logo Quilted Patent Leather Pointy Toe Heels Black

Good vintage condition! Size 39.5 = US 9.5.

Details 
Online since:2026-09-07
Categories :Women
Category:Shoes
Sub-category:Heels
Designer:Dior
Model:Baby-D
Condition:Very good conditionMore info
Material:Patent leather
Colour:Black
Size:9.5 USsize guide
Style:Vintage
Location:United States, from the seller LK
Reference:70744414",,,317.00,Very Good,,"https://images.vestiairecollective.com/images/resized/w=1024,q=75,f=auto,/produit/black-patent-leather-baby-d-dior-heels-70744414-1_2.jpg|https://images.vestiairecollective.com/images/resized/w=1024,q=75,f=auto,/produit/black-patent-leather-baby-d-dior-heels-70744414-2_2.jpg|https://images.vestiairecollective.com/images/resized/w=1024,q=75,f=auto,/produit/black-patent-leather-baby-d-dior-heels-70744414-3_2.jpg|https://images.vestiairecollective.com/images/resized/w=1024,q=75,f=auto,/produit/black-patent-leather-baby-d-dior-heels-70744414-4_2.jpg|https://images.vestiairecollective.com/images/resized/w=1024,q=75,f=auto,/produit/black-patent-leather-baby-d-dior-heels-70744414-5_2.jpg|https://images.vestiairecollective.com/images/resized/w=1024,q=75,f=auto,/produit/black-patent-leather-baby-d-dior-heels-70744414-6_2.jpg|https://images.vestiairecollective.com/images/resized/w=1024,q=75,f=auto,/produit/black-patent-leather-baby-d-dior-heels-70744414-7_2.jpg",photos show wear on the soles of these shoes; this has a vintage label ,Y
L030,Vestiaire Collective,https://www.vestiairecollective.com/women-shoes/trainers/nike/multicolour-fur-air-force-1-nike-trainers-69991629.shtml?_gl=1*1qm2shq*_up*MQ..&gclid=Cj0KCQjwh4TVBhCWARIsAG0czmoIp5CcozggY0W1egoZNxDcS0HqWMSDL5AUvmBO42NAWPjLPViehRkaAofYEALw_wcB&gbraid=0AAAAADSZTnIoQg9Q4JMMKoLV2zOdR3GwF,2026-09-09,shoes,Nike air force 1 trainers,"Nike Air Force 1 Shadow Colorblock Houndstooth Low Top Running Sneakers Shoes 10

Size: 10
Condition: Good

Details
Online since:2026-08-16
Categories :Women
Category:Shoes
Sub-category:Trainers
Designer:Nike
Model:Air Force 1
Condition:Very good conditionMore info
Material:Fur
Colour:Multicolour
Size:10 USsize guide
Location:United States, from the seller Brie
Reference:69991629",,64.00,48.00,Very Good,,"https://images.vestiairecollective.com/images/resized/w=1024,q=75,f=auto,/produit/multicolour-fur-air-force-1-nike-trainers-69991629-1_2.jpg|https://images.vestiairecollective.com/images/resized/w=1024,q=75,f=auto,/produit/multicolour-fur-air-force-1-nike-trainers-69991629-2_2.jpg|https://images.vestiairecollective.com/images/resized/w=1024,q=75,f=auto,/produit/multicolour-fur-air-force-1-nike-trainers-69991629-3_2.jpg|https://images.vestiairecollective.com/images/resized/w=1024,q=75,f=auto,/produit/multicolour-fur-air-force-1-nike-trainers-69991629-4_2.jpg|https://images.vestiairecollective.com/images/resized/w=1024,q=75,f=auto,/produit/multicolour-fur-air-force-1-nike-trainers-69991629-5_2.jpg","the listing condition and then the condition shared in the details are different -- very good vs. good -- so vestiarie isn't policing discrepancies here

interesting that the photos are showing a very worn item but the official listed condition is very good

vestiaire's ""Very good"" condition is defined as = ""lightly used by very well maintained with no holes, pilling, or discoloration. slight wear from being used and/or has well-done alterations. no missing parts. note: we don't accept items with odors from smoke or prolonged storage""",N
L031,The RealReal,https://www.therealreal.com/products/women/handbags/shoulder-bags/balenciaga-suede-motocross-city-metallic-edge-wfksf,2026-09-09,handbag,Balenciaga Suede Motocross City Metallic Edge,"Balenciaga Shoulder Bag
  From the Fall/Winter 2016 Collection by Demna Gvasalia
  Green Suede
  Gold-Tone Hardware
  Rolled Handles & Single Shoulder Strap
  Studded Accents & Single Exterior Pocket
  Canvas Lining & Three Interior Pockets
  Zip Closure at Top
  Includes Dust Bag
  Shoulder Strap Drop
 9.5""
 Handle Drop
 5""
 Height
 9""
 Width
 13.5""
 Depth
 3.5""
 Gender
 Women
 Item #
 BAL401651","4,590.00",,"1,545.00",Very Good,,https://product-images.therealreal.com/BAL401651_1_enlarged.jpg?auto=webp&width=1920|https://product-images.therealreal.com/BAL401651_2_enlarged.jpg?auto=webp&width=1920|https://product-images.therealreal.com/BAL401651_3_enlarged.jpg?auto=webp&width=1920|https://product-images.therealreal.com/BAL401651_4_enlarged.jpg?auto=webp&width=1920|https://product-images.therealreal.com/BAL401651_5_enlarged.jpg?auto=webp&width=1920|https://product-images.therealreal.com/BAL401651_6_enlarged.jpg?auto=webp&width=1920,handbags have considerably more photos taken than clothing/shoes and more detailed descriptions,N
L032,The RealReal,https://www.therealreal.com/products/women/handbags/totes/chanel-mini-deauville-shopping-bag-wbvfq,2026-09-09,handbag,"Chanel

Mini Deauville Shopping Bag","Chanel Tote
From the 2012-2013 Collection by Karl Lagerfeld
Blue Denim
Graphic Print
Gold-Tone Hardware
Handles & Chain-Link Shoulder Straps
Canvas Lining & Three Interior Pockets
Snap Closure at Top

Shoulder Strap Drop
11""
Height
12""
Width
11.25""
Depth
3.75""
Gender
Women
Item #
CHA1492657","2,400.00",,"1,145.00",As Is,,https://product-images.therealreal.com/CHA1492657_1_enlarged.jpg?auto=webp&width=1920|https://product-images.therealreal.com/CHA1492657_2_enlarged.jpg?auto=webp&width=1920|https://product-images.therealreal.com/CHA1492657_3_enlarged.jpg?auto=webp&width=1920|https://product-images.therealreal.com/CHA1492657_4_enlarged.jpg?auto=webp&width=1920|https://product-images.therealreal.com/CHA1492657_5_enlarged.jpg?auto=webp&width=1920|https://product-images.therealreal.com/CHA1492657_6_enlarged.jpg?auto=webp&width=1920|https://product-images.therealreal.com/CHA1492657_7_enlarged.jpg?auto=webp&width=1920,"This item is in ""As Is"" condition, meaning it shows extensive sign(s) of wear and may require repair. This item is final saleHole at base; tearing at shoulder strap grommets; heavy discoloration, spotting and residue at interior; heavy tearing at trim; moderate discoloration at exterior; shape has relaxed due to wear; moderate scratches at hardware.",Y
L033,The RealReal,https://www.therealreal.com/products/women/handbags/shoulder-bags/coach-leather-shoulder-bag-wf4ww,2026-09-09,handbag,"Coach

Leather Shoulder Bag","Coach Shoulder Bag
Black Leather
Gold-Tone Hardware
Handle & Single Adjustable Shoulder Strap
Single Exterior Pocket
Canvas Lining & Single Interior Pocket
Turn-Lock Closure at Front

Shoulder Strap Drop
19""
Height
8.75""
Width
12.5""
Depth
4""
Gender
Women
Item #
CCH134149",500.00,,155.00,Fair,,https://product-images.therealreal.com/CCH134149_1_enlarged.jpg?auto=webp&width=1920|https://product-images.therealreal.com/CCH134149_2_enlarged.jpg?auto=webp&width=1920|https://product-images.therealreal.com/CCH134149_3_enlarged.jpg?auto=webp&width=1920|https://product-images.therealreal.com/CCH134149_4_enlarged.jpg?auto=webp&width=1920|https://product-images.therealreal.com/CCH134149_5_enlarged.jpg?auto=webp&width=1920|https://product-images.therealreal.com/CCH134149_6_enlarged.jpg?auto=webp&width=1920,fair = Heavy scuffs throughout; minor scratches throughout; minor discoloration throughout; minor residue at interior,N
L034,The RealReal,https://www.therealreal.com/products/women/handbags/shoulder-bags/strathberry-leather-shoulder-bag-w-tags-wfl8p,2026-09-09,handbag,Strathberry Leather Shoulder Bag w/ Tags,"Strathberry Shoulder Bag
Red Leather
Gold-Tone Hardware
Handle & Single Adjustable Shoulder Strap
Suede Lining
Drawstring Closure at Top
Includes Dust Bag

Shoulder Strap Drop
23""
Height
6""
Width
8.5""
Depth
3.5""
Gender
Women
Item #
STRAT23362",700.00,,485.00,Pristine,,https://product-images.therealreal.com/STRAT23362_1_enlarged.jpg?auto=webp&width=1920|https://product-images.therealreal.com/STRAT23362_2_enlarged.jpg?auto=webp&width=1920|https://product-images.therealreal.com/STRAT23362_3_enlarged.jpg?auto=webp&width=1920|https://product-images.therealreal.com/STRAT23362_4_enlarged.jpg?auto=webp&width=1920|https://product-images.therealreal.com/STRAT23362_5_enlarged.jpg?auto=webp&width=1920|https://product-images.therealreal.com/STRAT23362_6_enlarged.jpg?auto=webp&width=1920,"has a ""smart investment"" tag = indicates this piece has proven it holds its value over time; uses ""no-brainer"" language

pristine = No visible signs of wear",Y
L035,Poshmark,https://poshmark.com/listing/JW-Pei-Half-Moon-Bag-6a982c66c5c2ed273c76d74a,2026-09-09,handbag,JW Pei | Half Moon Bag,"Size
OS
Color
Black
Gray
Category
Women
Bags
Shoulder Bags
Brand
JW PEI
♡great condition
♡zipper is a little difficult, but works fine",,99.00,84.00,Great Condition,Posh Ambassador II,https://di2ponv0v5otw.cloudfront.net/posts/2026/09/02/6a982c66c5c2ed273c76d74a/l_wp_6a982c6924cc87d01df3a4d0.webp|https://di2ponv0v5otw.cloudfront.net/posts/2026/09/02/6a982c66c5c2ed273c76d74a/l_wp_6a982c6bb3acde77f5cf0a65.webp|https://di2ponv0v5otw.cloudfront.net/posts/2026/09/02/6a982c66c5c2ed273c76d74a/l_wp_6a982c6df00c55c9fa4d4967.webp|https://di2ponv0v5otw.cloudfront.net/posts/2026/09/02/6a982c66c5c2ed273c76d74a/l_wp_6a982c6f7625b135522ba875.webp|https://di2ponv0v5otw.cloudfront.net/posts/2026/09/02/6a982c66c5c2ed273c76d74a/l_wp_6a982c701b53feacc3fd3fdb.webp,condition only listed in the description by the seller themselves,Y
L036,Poshmark,https://poshmark.com/listing/PRADA-Vintage-Tessuto-Quilted-Black-and-Gold-Nylon-Bag-6a9f53591ae1ad75e358b4d6,2026-09-09,handbag,PRADA Vintage Tessuto Quilted Black and Gold Nylon Bag,"Size
OS
Condition
Good
Color
Black
Gold
Category
Women
Bags
Crossbody Bags
Brand
Prada
Condition: Used (Very good) with minimal wear and scratches on the gold hardware..

Accessories: Clochette, Key, Padlock - Before purchasing, please refer to the images of the accessories included with the item We are open to offers! All the items in our closet are 100% authentic.

Size Approx:
H 5.51'' x W 9.84'' x D 4.72''",,,750.00,Good,Posh Ambassador,https://di2ponv0v5otw.cloudfront.net/posts/2026/09/07/6a9f53591ae1ad75e358b4d6/l_wp_6aa147d8adedd1c2a0e95548.webp|https://di2ponv0v5otw.cloudfront.net/posts/2026/09/07/6a9f53591ae1ad75e358b4d6/l_wp_6aa147d913a64705d7d5f6cf.webp|https://di2ponv0v5otw.cloudfront.net/posts/2026/09/07/6a9f53591ae1ad75e358b4d6/l_wp_6aa147d9970988488c7c9292.webp|https://di2ponv0v5otw.cloudfront.net/posts/2026/09/07/6a9f53591ae1ad75e358b4d6/l_wp_6aa147da31f0f6809ae76a0c.webp|https://di2ponv0v5otw.cloudfront.net/posts/2026/09/07/6a9f53591ae1ad75e358b4d6/l_wp_6aa147db221dcb692a72ba70.webp|https://di2ponv0v5otw.cloudfront.net/posts/2026/09/07/6a9f53591ae1ad75e358b4d6/l_wp_6aa147dc17a3c4429f377a86.webp|https://di2ponv0v5otw.cloudfront.net/posts/2026/09/07/6a9f53591ae1ad75e358b4d6/l_wp_6aa147ddde4883ce2b29e5c1.webp|https://di2ponv0v5otw.cloudfront.net/posts/2026/09/07/6a9f53591ae1ad75e358b4d6/l_wp_6aa147de70333fcc4a2adcbd.webp|https://di2ponv0v5otw.cloudfront.net/posts/2026/09/07/6a9f53591ae1ad75e358b4d6/l_wp_6aa147de8091ef2887536835.webp|https://di2ponv0v5otw.cloudfront.net/posts/2026/09/07/6a9f53591ae1ad75e358b4d6/l_wp_6aa147df24cc8719539f09f9.webp|https://di2ponv0v5otw.cloudfront.net/posts/2026/09/07/6a9f53591ae1ad75e358b4d6/l_wp_6aa147e083b26c3a4a1f780c.webp|https://di2ponv0v5otw.cloudfront.net/posts/2026/09/07/6a9f53591ae1ad75e358b4d6/l_wp_6aa147e07e297be071d25b4e.webp,,N
L037,Poshmark,https://poshmark.com/listing/Balenciaga-The-City-Bag-Black-Leather-6aa1cabc38e54271ee9ff942,2026-09-09,handbag,Balenciaga The City Bag Black Leather,"Size
OS
Condition
Like New
Color
Black
Category
Women
Bags
Shoulder Bags
Brand
Balenciaga
Style Tags
The City
Black
Balenciaga
Balenciaga The City Bag Black Leather Authentic Guaranteed Fast Shipping and Carefully Packaged Includes a Certificate of Authenticity COA",,"4,399.00","3,999.00",Like New,,https://di2ponv0v5otw.cloudfront.net/posts/2026/09/09/6aa1cabc38e54271ee9ff942/l_6aa1cabc38e54271ee9ff943.jpg|https://di2ponv0v5otw.cloudfront.net/posts/2026/09/09/6aa1cabc38e54271ee9ff942/l_6aa1cabc38e54271ee9ff949.jpg|https://di2ponv0v5otw.cloudfront.net/posts/2026/09/09/6aa1cabc38e54271ee9ff942/l_6aa1cabd38e54271ee9ff94a.jpg|https://di2ponv0v5otw.cloudfront.net/posts/2026/09/09/6aa1cabc38e54271ee9ff942/l_6aa1cabd38e54271ee9ff94b.jpg|https://di2ponv0v5otw.cloudfront.net/posts/2026/09/09/6aa1cabc38e54271ee9ff942/l_6aa1cabd38e54271ee9ff94c.jpg|https://di2ponv0v5otw.cloudfront.net/posts/2026/09/09/6aa1cabc38e54271ee9ff942/l_6aa1cabe38e54271ee9ff94d.jpg|https://di2ponv0v5otw.cloudfront.net/posts/2026/09/09/6aa1cabc38e54271ee9ff942/l_6aa1cabe38e54271ee9ff94e.jpg|https://di2ponv0v5otw.cloudfront.net/posts/2026/09/09/6aa1cabc38e54271ee9ff942/l_6aa1cabe38e54271ee9ff94f.jpg|https://di2ponv0v5otw.cloudfront.net/posts/2026/09/09/6aa1cabc38e54271ee9ff942/l_6aa1cabf38e54271ee9ff950.jpg,,N
L038,Poshmark,https://poshmark.com/listing/Coach-Metallic-Bronze-Edie-Shoulder-Bag-6aa19be1c6a0b35d2ac0866a,2026-09-09,handbag,Coach Metallic Bronze Edie Shoulder Bag,"Size
OS
Condition
Good
Color
Brown
Category
Women
Bags
Shoulder Bags
Brand
Coach
Soft slouchy shoulder bag with a luxe metallic finish. Gold-tone hardware and subtle Coach logo. Single shoulder strap for easy wear. Sleek, versatile silhouette for daily use.",275.00,,70.00,Good,,https://di2ponv0v5otw.cloudfront.net/posts/2026/09/09/6aa19be1c6a0b35d2ac0866a/l_wp_6aa19c0c4985e8bec889dc86.webp|https://di2ponv0v5otw.cloudfront.net/posts/2026/09/09/6aa19be1c6a0b35d2ac0866a/l_wp_6aa19c1d32f934918cacbf7a.webp|https://di2ponv0v5otw.cloudfront.net/posts/2026/09/09/6aa19be1c6a0b35d2ac0866a/l_wp_6aa19c0d221dcb6232290b31.webp|https://di2ponv0v5otw.cloudfront.net/posts/2026/09/09/6aa19be1c6a0b35d2ac0866a/l_wp_6aa19c28946da2c91ebd3322.webp|https://di2ponv0v5otw.cloudfront.net/posts/2026/09/09/6aa19be1c6a0b35d2ac0866a/l_wp_6aa19c0f41ae660e9dab0100.webp|https://di2ponv0v5otw.cloudfront.net/posts/2026/09/09/6aa19be1c6a0b35d2ac0866a/l_wp_6aa19c10571a7ebe4cd51bfe.webp|https://di2ponv0v5otw.cloudfront.net/posts/2026/09/09/6aa19be1c6a0b35d2ac0866a/l_wp_6aa19c3405ce5733e0d41ace.webp|https://di2ponv0v5otw.cloudfront.net/posts/2026/09/09/6aa19be1c6a0b35d2ac0866a/l_wp_6aa19c44da3eeb954f21d454.webp|https://di2ponv0v5otw.cloudfront.net/posts/2026/09/09/6aa19be1c6a0b35d2ac0866a/l_wp_6aa19c1228951ff0732162af.webp,,N
L039,eBay,https://www.ebay.com/itm/128066815177?itmmeta=01M240NWBWQQF68DE4TAG065Q5&hash=item1dd16084c9:g:5bQAAeSwFLNqnntQ&itmprp=enc%3AAQALAAAA4DKQclQvzFwZQpmMrsO4LuoQSOm%2FS%2FYtgJUOxBUpbvkgomagO0jTUWwz9SoAERIXCeBmKahORadq6ig%2FaF23QTs9xMAVwYNk0qVqg3ZIJYOuhViLFP1jLDanFqKEJADsyciD%2FKDxgGMdBmrJkLppmdK2D%2F6BT6DhP5nolRE1CwYJVReFKSS8HxG%2FtAzQHLGf41d1p%2FLdSYmwpuwEuBsxzIuyWLD3aSlfMZ34KAYK%2FLeOVkPFYpn122cQ%2FaAHl66O%2FWaShHA2zuaPx7Ld4NJ%2Buij4Bv%2FQNxahe2xIvuoVdzsr%7Ctkp%3ABk9SR67G14CRaA,2026-09-09,handbag,Auth LOUIS VUITTON Speedy 25 Monogram Handbag Monogram M41528 P-5161S809,"Condition
Pre-owned - Good
Seller Notes
“Outside BC: Rubbing scratches on nume leather, Rubbing scratches on piping, Dirts on nume leather, Wrinkles on nume leather, Rubbing scratches on the corner(s), Stains on nume leather, Dirts on handle, Wrinkles on handle, Rubbing scratches on handle, Peeling off (plating), Crack on nume leather, Stains on handle, Rubbing scratches on monogram canvas, Peeling on handle, Peeling on leather edge(s), Inside B: Rubbing scratches, Dirts, Thread fraying, Others: There is NO Padlock, Key and Dust bag.Only the accessory in the photo will be sent.”Read Lessabout the seller notes
Bag Width
10 in
Pattern
Monogram
Bag Height
7.5in
Product Name
Speedy 25
Hardware Color
Gold
MPN
Does not apply
Bag Depth
6 in
Model Number
M41528
Exterior Material
Monogram Canvas
Size (Mens)
Does not apply
Brand
Louis Vuitton
Line
Monogram
Department
Women
Type
Handbag
Exterior Color
Brown
Lining Color
Brown
Style
Handbag
Country of Origin
France
Product Line
Louis Vuitton Speedy
UPC
Does Not Apply


100% Authentic Item we provide! item is shipped from Japan!

***Pictures were taken from the actual item.***

***Please check the pictures carefully.***

 (Actual Colors may slightly differ depending on your PC monitor and lighting environment)

      
Outside BC:  Rubbing scratches on nume leather, Rubbing scratches on piping, Dirts on nume leather, Wrinkles on nume leather, Rubbing scratches on the corner(s), Stains on nume leather, Dirts on handle, Wrinkles on handle, Rubbing scratches on handle, Peeling off (plating), Crack on nume leather, Stains on handle, Rubbing scratches on monogram canvas, Peeling on handle, Peeling on leather edge(s), 

Inside BC:  Rubbing scratches, Dirts, Thread fraying, Peeling off Dirt on the Inside Pocket

No offensive Odor Noticed

Others: There is NO Padlock, Key and Dust bag.Only the accessory in the photo will be sent. 

Accessories:External company shoulder strap
Please note

*※ It is very difficult to cover all minor defects.**

**※ Please understand that senses of smell varies by person.Used items may have developed an unpleasant odor.**
**※ The photos sometimes don't show the actual color depending on your PC monitor and lighting environment..**
**※ The size is approximate.**
**※Shape should only be judged when the bag is in use.The shape of a bag cannot be accurately assessed while the bag is empty.**

Condition Rank

N --Brand New

S --Mint condition, Like new, but not perfect

A --Very Good condition, with tiny scratches or/and stains.

B --Good, some scratches,stains, and Used Feeling

C --Fair, has been used feeling obviously , but still acceptable

D --Poor, has damages, but still usable

J --Junk items",,"1,080.00",626.40,Pre-Owned - Good,100%,https://i.ebayimg.com/images/g/CqQAAeSwWg9qnntP/s-l1600.webp|https://i.ebayimg.com/images/g/5bQAAeSwFLNqnntQ/s-l1600.webp|https://i.ebayimg.com/images/g/GT4AAeSwZQNqnntR/s-l1600.webp|https://i.ebayimg.com/images/g/ChgAAeSwXm5qnntP/s-l1600.webp|https://i.ebayimg.com/images/g/L6wAAeSwL3VqnntP/s-l1600.webp|https://i.ebayimg.com/images/g/PzIAAeSwVsxqnntQ/s-l1600.webp|https://i.ebayimg.com/images/g/760AAeSwUxNqnntQ/s-l1600.webp|https://i.ebayimg.com/images/g/R64AAeSwUkpqnntQ/s-l1600.webp|https://i.ebayimg.com/images/g/9uMAAeSwLrNqnntQ/s-l1600.webp|https://i.ebayimg.com/images/g/fwYAAeSwj2JqnntQ/s-l1600.webp|https://i.ebayimg.com/images/g/vUcAAeSwm5VqnntQ/s-l1600.webp|https://i.ebayimg.com/images/g/TVAAAeSwpN5qnntP/s-l1600.webp|https://i.ebayimg.com/images/g/BWkAAeSwyIRqnntR/s-l1600.webp|https://i.ebayimg.com/images/g/-IUAAeSwZERqnntP/s-l1600.webphttps://i.ebayimg.com/images/g/1A0AAeSwNoNqnnt1/s-l1600.webp|https://i.ebayimg.com/images/g/OxYAAeSwLKFqnnuL/s-l1600.webp|,includes an authenticity gurantee on the listing,N
L040,eBay,https://www.ebay.com/itm/168569523990?itmmeta=01M240XV86E51X9JWMTBS7VBEH&hash=item273f86cf16:g:YSAAAeSwTclqlTqJ&itmprp=enc%3AAQALAAAA4DKQclQvzFwZQpmMrsO4LuoVc9eBXGCbrLht1LtNXaROUPARO8H0nOBp3SiAYNE8Y2H6xKDymcfZLtUpkVPbkOhYPL6nUWCjnuqb67Z49liVoynPRqzsCPc0tLYn68jAgOlBouRQqNJpkTAbuniMumAa4tzzxxtIgyTtUOr3UyjR7KmJfItFUmMCFIfWkSXTsjNEasDZ1Hm5xxceLZeg1LKJ2%2Bt9LzdNvO%2BBRW80VPlzbT1akJ8vPtkMExMSZS%2FnkTBbT37sCKBCSMRI5DwbvfDobrhEH1mqtMWdr8kRDyax%7Ctkp%3ABk9SR8q094CRaA,2026-09-09,handbag,15% OFF Prada Cleo Medium Black Polished Silver Triangle Logo Shoulder Bag,"Condition
Pre-owned - Good
Seller Notes
“This item has been gently used but is in good condition. It might have a few signs of use, but all imperfections should be shown and described in the seller’s listing.”Read Lessabout the seller notes
Model
Prada Celo
Pattern
Solid
Closure
Zip
Occasion
Shoulder Bag
Handle/Strap Color
Black
Handle Style
Shoulder Strap
Lining Material
Fabric
Hardware Color
Silver
Exterior Material
Leather
Brand
PRADA
Department
Women
Exterior Color
Black
Lining Color
Black
Style
Shoulder Bag
Theme
Designer
Handmade
No
Handle/Strap Material
Leather
Product Line
PRADA Cleo
Country of Origin
Italy
Notice
No Returns or Exchanges for Non-Quality Issues
Included Items
No original dust bag and box
UPC
Does not apply",,,"1,496.00",Pre-Owned - Good,100.0%,https://i.ebayimg.com/images/g/YSAAAeSwTclqlTqJ/s-l1600.webp|https://i.ebayimg.com/images/g/wdUAAeSw5RdqlTqK/s-l1600.webp|https://i.ebayimg.com/images/g/Ud0AAeSwLrNqlTqL/s-l1600.webp|https://i.ebayimg.com/images/g/PEQAAeSwdABqlTqM/s-l1600.webp|https://i.ebayimg.com/images/g/jkMAAeSwEjtqlTqO/s-l1600.webp|https://i.ebayimg.com/images/g/jkMAAeSwEjtqlTqO/s-l1600.webp|https://i.ebayimg.com/images/g/KWgAAeSwrBFqlTqQ/s-l1600.webp|,this has a discount code that is optional to include that drops the price to 1080.86; also has authenticty gurantee on listing,N
L041,eBay,https://www.ebay.com/itm/318836512781?itmmeta=01M241566JZ053CNQX6MB6JABQ&hash=item4a3c23180d:g:9PkAAeSwicFqniVD&itmprp=enc%3AAQALAAAA4DKQclQvzFwZQpmMrsO4LuoDRBjFAAfGoMhrVpLI6mXCghZHHTIgLTx5KsINByMscyk3r4niQ5TuXjqkoWLSDeHCvsTuHn777RSBpg27sq5Qwt2%2FVdqM1TUluSmu0qXvdi349V4Ph1JPtgmKFI4NyeV4iXV1Y%2B%2FcInL--PN2dTnnxyX7fpmd%2BCPK8qiPC3eP3v01pUESRqNjW%2BRKogtmOz%2FTGV9KpftjTBa66%2BjwEDt%2FnwpqXxT5qYKaD%2FKamD75DnKDjT37u6r%2BGHQUjdXZiUOh1dBu15LdstmzSUSAPl6T%7Ctkp%3ABk9SR8zjlIGRaA,2026-09-09,handbag,Loewe Pre-Owned Authentic Satchel Orange Nubuck Free Tracked Shipping,"Condition
Pre-owned - Good
Seller Notes
“light wear and scuffs at corners, edges; light wear and residue at interior lining; light wear, scratches and loss color at hardware. The item may have received standard luxury care. please consult us if you have any questions, and kindly refer to the photos for an accurate impression.”Read Lessabout the seller notes
Brand
Loewe
Department
Unisex Adults
Exterior Color
Orange
Style
Satchel
Exterior Material
Nubuck
Country of Origin
Spain

Dear Customer, Welcome to our store!

⚠ Important Notice: Please contact our customer service before placing an order to confirm the item’s availability and current condition. As all our items are also sold in our physical store, there is a possibility that an item may be sold simultaneously elsewhere or its condition may have changed since listing. To comply with eBay policies, we may need to inform you and cancel orders if this pre-purchase confirmation is not completed.

In addition, each item is inspected by our in-house inspection center prior to shipment to ensure the condition matches the listing and to provide a reliable shopping experience. This internal inspection typically takes 1–2 business days. Once the inspection is completed, we will notify you. If any issue is identified, we will contact you promptly and arrange a full refund when necessary.

We appreciate your understanding.

Key Specifications
● Brand: Loewe
● exterior_material: Nubuck
● style: Satchel
● exterior_color: Orange
● includes: None
● department: Unisex Adults

Condition
● Overall Condition: Good, showing light general signs of use.
● Exterior:remains smooth with mild handling wear.
● Interior: Clean with light natural marks; lining well-kept.
● Hardware: Functional with slight surface wear on close inspection.
● Edges & Corners: Mild rubbing; structure remains firm.
● Care Notice: Please note that some items may have minor care marks from routine maintenance; refer to photos for clarification.

Why Choose This Listing?
● Rarity: Limited stock
● Quality: Hardware tested for long - term durability
● Documentation: None included",,,929.00,Pre-Owned - Good,,https://i.ebayimg.com/images/g/9PkAAeSwicFqniVD/s-l1600.webp|https://i.ebayimg.com/images/g/dKoAAeSwiOxqniVE/s-l1600.webp|https://i.ebayimg.com/images/g/wyEAAeSwDFZqniVE/s-l1600.webp|https://i.ebayimg.com/images/g/R1YAAeSwPXdqniVE/s-l1600.webp|https://i.ebayimg.com/images/g/k6kAAeSwYwdqniVE/s-l1600.webp|https://i.ebayimg.com/images/g/yKIAAeSwHoJqniVD/s-l1600.webp|https://i.ebayimg.com/images/g/7qYAAeSwZPBqniVD/s-l1600.webp|https://i.ebayimg.com/images/g/bZIAAeSwIf9qniVD/s-l1600.webp|https://i.ebayimg.com/images/g/76gAAeSwjLlqniVD/s-l1600.webp|https://i.ebayimg.com/images/g/-EUAAeSw-JRqniVE/s-l1600.webp|https://i.ebayimg.com/images/g/p3sAAeSw9kBqniVE/s-l1600.webp|https://i.ebayimg.com/images/g/4eAAAeSwUkpqniVE/s-l1600.webp|https://i.ebayimg.com/images/g/2SkAAeSwuRRqniVE/s-l1600.webp|https://i.ebayimg.com/images/g/8-4AAeSw5AlqniVD/s-l1600.webp|https://i.ebayimg.com/images/g/OTgAAeSwJFFqniVE/s-l1600.webp|https://i.ebayimg.com/images/g/bY0AAeSwIf9qniVD/s-l1600.webp|https://i.ebayimg.com/images/g/KNMAAeSwhYZqniVE/s-l1600.webp|,authenticity guarantee on listing,Y
L042,Vestiaire Collective,https://www.vestiairecollective.com/women-bags/handbags/gucci/brown-cloth-abbey-gucci-handbag-70864846.shtml?_gl=1*1tec5fd*_up*MQ..&gclid=Cj0KCQjwh4TVBhCWARIsAG0czmoIp5CcozggY0W1egoZNxDcS0HqWMSDL5AUvmBO42NAWPjLPViehRkaAofYEALw_wcB&gbraid=0AAAAADSZTnIoQg9Q4JMMKoLV2zOdR3GwF,2026-09-09,handbag,Gucci abbey cloth handbag vintage,"Pre-owned Gucci Abbey tote in good overall vintage condition. The GG monogram canvas remains in good condition with normal signs of previous use. Brown leather trim, bottom corner panels and handles show visible creasing, rubbing, surface wear and light scratches consistent with age and use. Hardware shows scratches, tarnishing and discoloration.The zipper has a missing/damaged teeth, but it remains functional and does not affect normal use. Interior is generally clean with light signs of use. Please review all photos carefully as they are part of the condition description.

Details
Online since:2026-09-09
Categories :Women
Category:Bags
Sub-category:Handbags
Designer:Gucci
Model:Abbey
Condition:Very good conditionMore info
Material:Cloth
Colour:Brown
Style:Vintage
Location:United States, from the seller La Repeat",,,397.00,Very Good,"Expert Seller
Fashion Activist","https://images.vestiairecollective.com/images/resized/w=1024,q=75,f=auto,/produit/brown-cloth-abbey-gucci-handbag-70864846-1_2.jpg|https://images.vestiairecollective.com/images/resized/w=1024,q=75,f=auto,/produit/brown-cloth-abbey-gucci-handbag-70864846-2_2.jpg|https://images.vestiairecollective.com/images/resized/w=1024,q=75,f=auto,/produit/brown-cloth-abbey-gucci-handbag-70864846-3_2.jpg|https://images.vestiairecollective.com/images/resized/w=1024,q=75,f=auto,/produit/brown-cloth-abbey-gucci-handbag-70864846-4_2.jpg|https://images.vestiairecollective.com/images/resized/w=1024,q=75,f=auto,/produit/brown-cloth-abbey-gucci-handbag-70864846-5_2.jpg|https://images.vestiairecollective.com/images/resized/w=1024,q=75,f=auto,/produit/brown-cloth-abbey-gucci-handbag-70864846-6_2.jpg|https://images.vestiairecollective.com/images/resized/w=1024,q=75,f=auto,/produit/brown-cloth-abbey-gucci-handbag-70864846-7_2.jpg|https://images.vestiairecollective.com/images/resized/w=1024,q=75,f=auto,/produit/brown-cloth-abbey-gucci-handbag-70864846-8_2.jpg|https://images.vestiairecollective.com/images/resized/w=1024,q=75,f=auto,/produit/brown-cloth-abbey-gucci-handbag-70864846-9_2.jpg|https://images.vestiairecollective.com/images/resized/w=1024,q=75,f=auto,/produit/brown-cloth-abbey-gucci-handbag-70864846-10_2.jpg|https://images.vestiairecollective.com/images/resized/w=1024,q=75,f=auto,/produit/brown-cloth-abbey-gucci-handbag-70864846-11_2.jpg|https://images.vestiairecollective.com/images/resized/w=1024,q=75,f=auto,/produit/brown-cloth-abbey-gucci-handbag-70864846-12_2.jpg|https://images.vestiairecollective.com/images/resized/w=1024,q=75,f=auto,/produit/brown-cloth-abbey-gucci-handbag-70864846-14_2.jpg|https://images.vestiairecollective.com/images/resized/w=1024,q=75,f=auto,/produit/brown-cloth-abbey-gucci-handbag-70864846-15_2.jpg","fastion activist badge = acquired when you buy AND sell at least one pre-loved item on the platform every rolling year.

expert seller badge is granted when 3 criteria are hit = sold 5 items; 90% conformity (% of items sold conformed to their description.); 90% shipping (% of items sold shipped in less than 5 days. Cancellations are considered as unshipped.)",Y
L043,Vestiaire Collective,https://www.vestiairecollective.com/women-bags/handbags/bottega-veneta/black-leather-cassette-padded-bottega-veneta-handbag-69178758.shtml,2026-09-09,handbag,Bottega Veneta Cassette Padded leather crossbody bag,"Bottega Veneta Cassette Padded Leather Crossbody Bag in Black.
Features: Intrecciato weave and gold-tone hardware. Single adjustable shoulder strap. Unlined and single interior pocket. Flap and snap closures at front.

This item has been inspected and authenticated by Vestiaire Collective Experts and is ready to ship.                                        
Very good condition, faint scratches to exterior flap. 

Dimensions: Width 9.2 in, Depth 2 in, Height 6 in, Shoulder Drop 19.5 in. 

Dust bag included.
Made in Italy.

Details
Online since:2026-08-05
Categories :Women
Category:Bags
Sub-category:Handbags
Designer:Bottega Veneta
Model:Cassette Padded
Condition:Very good conditionMore info
Material:Leather
Colour:Black
Location:Vestiaire Collective United States
Reference:69178758
Measurements
Width:9.4 in
Height:7.7 in",,"1,489.00","1,415.00",Very Good,Expert Seller,"https://images.vestiairecollective.com/images/resized/w=1024,q=75,f=auto,/produit/black-leather-cassette-padded-bottega-veneta-handbag-69178758-1_1.jpg|https://images.vestiairecollective.com/images/resized/w=1024,q=75,f=auto,/produit/black-leather-cassette-padded-bottega-veneta-handbag-69178758-2_1.jpg|https://images.vestiairecollective.com/images/resized/w=1024,q=75,f=auto,/produit/black-leather-cassette-padded-bottega-veneta-handbag-69178758-3_1.jpg|https://images.vestiairecollective.com/images/resized/w=1024,q=75,f=auto,/produit/black-leather-cassette-padded-bottega-veneta-handbag-69178758-4_1.jpg|https://images.vestiairecollective.com/images/resized/w=1024,q=75,f=auto,/produit/black-leather-cassette-padded-bottega-veneta-handbag-69178758-5_1.jpg|https://images.vestiairecollective.com/images/resized/w=1024,q=75,f=auto,/produit/black-leather-cassette-padded-bottega-veneta-handbag-69178758-6_1.jpg","this listing has express delivery & was listed by their concierge service w/ authentication & QC included

see once again that professionally listed items have way fewer images than seller listed",N
L044,Vestiaire Collective,https://www.vestiairecollective.com/women-bags/handbags/louis-vuitton/brown-leather-neverfull-louis-vuitton-handbag-70809394.shtml?_gl=1*4cncfi*_up*MQ..&gclid=Cj0KCQjwh4TVBhCWARIsAG0czmoIp5CcozggY0W1egoZNxDcS0HqWMSDL5AUvmBO42NAWPjLPViehRkaAofYEALw_wcB&gbraid=0AAAAADSZTnIoQg9Q4JMMKoLV2zOdR3GwF,2026-09-09,handbag,Louis Vuitton Neverfull leather tote,"Louis Vuitton Neverfull tote in Damier pattern.  Gently used all over, leather straps and stitching show some wear.  Slight staining on interior.  Wear on interior pocket and corners.

Details
Online since:2026-09-08
Categories :Women
Category:Bags
Sub-category:Handbags
Designer:Louis Vuitton
Model:Neverfull
Condition:Good conditionMore info
Material:Leather
Colour:Brown
Location:United States, from the seller Danica
Reference:70809394
Measurements
Width:17.5 in
Height:11.5 in
Depth:7 in",,,777.00,Good,,"https://images.vestiairecollective.com/images/resized/w=1024,q=75,f=auto,/produit/brown-leather-neverfull-louis-vuitton-handbag-70809394-1_3.jpg|https://images.vestiairecollective.com/images/resized/w=1024,q=75,f=auto,/produit/brown-leather-neverfull-louis-vuitton-handbag-70809394-2_3.jpg|https://images.vestiairecollective.com/images/resized/w=1024,q=75,f=auto,/produit/brown-leather-neverfull-louis-vuitton-handbag-70809394-3_3.jpg|https://images.vestiairecollective.com/images/resized/w=1024,q=75,f=auto,/produit/brown-leather-neverfull-louis-vuitton-handbag-70809394-4_3.jpg|https://images.vestiairecollective.com/images/resized/w=1024,q=75,f=auto,/produit/brown-leather-neverfull-louis-vuitton-handbag-70809394-5_3.jpg|https://images.vestiairecollective.com/images/resized/w=1024,q=75,f=auto,/produit/brown-leather-neverfull-louis-vuitton-handbag-70809394-6_3.jpg|https://images.vestiairecollective.com/images/resized/w=1024,q=75,f=auto,/produit/brown-leather-neverfull-louis-vuitton-handbag-70809394-8_3.jpg|https://images.vestiairecollective.com/images/resized/w=1024,q=75,f=auto,/produit/brown-leather-neverfull-louis-vuitton-handbag-70809394-9_3.jpg|https://images.vestiairecollective.com/images/resized/w=1024,q=75,f=auto,/produit/brown-leather-neverfull-louis-vuitton-handbag-70809394-10_3.jpg|https://images.vestiairecollective.com/images/resized/w=1024,q=75,f=auto,/produit/brown-leather-neverfull-louis-vuitton-handbag-70809394-11_3.jpg|https://images.vestiairecollective.com/images/resized/w=1024,q=75,f=auto,/produit/brown-leather-neverfull-louis-vuitton-handbag-70809394-12_3.jpg|https://images.vestiairecollective.com/images/resized/w=1024,q=75,f=auto,/produit/brown-leather-neverfull-louis-vuitton-handbag-70809394-13_3.jpg|",,Y
L045,ThredUp,https://www.thredup.com/product/women-kate-spade-new-york-brown-crossbody-bag/235554902?query_id=1210784353845280768&result_id=1210784354138882048,2026-09-09,handbag,"Kate Spade New York
One size
Crossbody bag","Condition
excellent
Practically new: shows no obvious signs of being worn or washed. Our standards

Original tags attached

Item details
#235554902
Material unknown
Brown
Size & fit
One size
Measured at 8.5"" length, 5"" height, 2.5"" depth (approx.)",299.00,,239.99,Excellent,,https://cf-assets-thredup.thredup.com/assets/961901967/retina.jpg|https://cf-assets-thredup.thredup.com/assets/961877105/retina.jpg|https://cf-assets-thredup.thredup.com/assets/961902079/retina.jpg,this is a final sale item as posted on listing,Y
L046,ThredUp,https://www.thredup.com/product/women-chanel-blue-ltd-ed-filigree-vanity-case/1502045708?query_id=1210787605039087616&result_id=1210787605286551552,2026-09-09,handbag,"Chanel
One size
Ltd. ed. filigree vanity case","Condition
very good
No major flaws: there may be minor wear on fabric like light pilling or fading, and hardware may have light scratches. Our standards

Item details
#1502045708
Blue
Chanel Bags Ltd. Ed. Filigree Vanity Case Shoulder Bag in Navy Caviar Leather and Gold hardware. The product is condition Very Good Condition. SKU: EAH1788, Serial number: 26172312, Accessories Included: Sticker, Card, CC Charm Cadenas in clochette, Key in clochette, Condition notes: None, Delivery: We have a 5 to 7 business days delivery policy, hassle-free and duties/tariffs included! BrandCo Paris finds rare and top condition items at great deals, they are worth your patience!
Size & fit
One size
Measured at 16"" length, 12"" height, 8"" depth (approx.)","4,100.00",,"3,299.99",Very Good,,https://tup-images.thredup.com/assets/1523789176/retina.jpg|https://tup-images.thredup.com/assets/1523789179/retina.jpg|https://tup-images.thredup.com/assets/1523789177/retina.jpg|https://tup-images.thredup.com/assets/1523789178/retina.jpg|https://tup-images.thredup.com/assets/1523789180/retina.jpg|https://tup-images.thredup.com/assets/1523789182/retina.jpg|https://tup-images.thredup.com/assets/1523789183/retina.jpg|https://tup-images.thredup.com/assets/1523789184/retina.jpg|https://tup-images.thredup.com/assets/1523789181/retina.jpg,"also final sale--may be that handbags on threadup are all final sale

this has a seller authenticated tag = ""This item was authenticated by BrandCo Paris. ThredUp has not independently verified authenticity.""

many more photos for this designer expensive item that the kate spade ",N
L047,Fashionphile,https://www.fashionphile.com/collections/all-bags/products/bottega-veneta-nappa-intrecciato-candy-loop-camera-bag-white-1721678?variant=51884622184751,2026-09-09,handbag,"Bottega Veneta
Nappa Intrecciato Candy Loop Camera Bag White","Exterior: Corner wear, edge wear, marks, surface wear
Hardware: Scratch(es)
Handle: Surface wear, edge wear, marks
Interior: Surface wear, marks

Comes With: FASHIONPHILE Certificate of Authenticity

Item #: 1721678

This is an authentic BOTTEGA VENETA Nappa Intrecciato Candy Loop Camera Bag in White. This stylish shoulder bag is beautifully crafted of woven lambskin leather in white. The shoulder bag features a crossbody shoulder strap, aged gold hardware and a top zipper that opens to a matching woven leather interior.
Follow this item for alerts. Bottega Veneta is a registered trademark of Bottega Veneta. FASHIONPHILE is not affiliated with Bottega Veneta.

Base length: 5.25 in
Height: 4.5 in
Width: 2.25 in
Drop: 20.25 in","1,500.00",,695.00,Very Good,,https://www.fashionphile.com/cdn/shop/files/d20bdd1ca15ef82f5c67b69b9926e657.jpg?v=1764848989|https://www.fashionphile.com/cdn/shop/files/5605c183e70647ed78c9be3d285cbe46.jpg?v=1764848989|https://www.fashionphile.com/cdn/shop/files/68ce1a178b772355916f162784cd0f44.jpg?v=1764848989|https://www.fashionphile.com/cdn/shop/files/c709bc770e92cd453eca2a4a5aa934b5.jpg?v=1764848989|https://www.fashionphile.com/cdn/shop/files/726e8702db67f4683383c54736507dc4.jpg?v=1764848988|https://www.fashionphile.com/cdn/shop/files/1fd250a784cec720b1d42652c118673a_9f3b9a0f-6286-41d1-addc-948c7be0913a.jpg?v=1764848989|https://www.fashionphile.com/cdn/shop/files/afacb885e24ef365e8656f55779a207b.jpg?v=1764848989|https://www.fashionphile.com/cdn/shop/files/d581b4b0304baa1d2207ecdc8aa6b29f.jpg?v=1764848989|https://www.fashionphile.com/cdn/shop/files/d28bebe41ab16df1a351dfeaf7cbc039.jpg?v=1764848989|,"
Condition
Most of the items that we carry have been previously owned. Unless otherwise stated, they may not be in flawless condition. We inspect each item and list any notable flaws under the Condition Rating. Be sure to inspect all detailed photos that we have taken of the item.

Giftable
Item is in New condition (see below for more information on this condition) and includes one or more of the following: the original box, case, attached retailer tags.

New
Item appears unused. May contain faint signs of wear due to storage conditions.

Excellent
Item is clean and contains very little wear. Any notable flaws or signs of wear are stated in the listing.

Very Good
Item shows some wear and signs of previous use, but still has a lot of life in it. Slightly worn corners, creases in leather, and tarnished hardware may be visible. Any notable flaws or signs of wear are stated in the listing.

Good
Item does show moderate signs of prior use. Surface scratches, slight darkening in handles, and other indications of wear may be visible. Such signs of wear or imperfections will be noted in the listing.

Fair
Item will have noticeable signs of wear such as well scuffed edges or significant scratches. Please read the condition notes in the listing and inspect photos before purchasing. Fair condition items often present our customers with the greatest opportunity to save significantly on authentic luxury bags.

Flawed
Item is generally in nice condition overall, but has a major defect or flaw that affects the item's appearance or functionality.",Y
L048,Fashionphile,https://www.fashionphile.com/collections/all-bags/products/gucci-gg-supreme-monogram-textured-dollar-calfskin-web-small-ophidia-dome-shoulder-bag-beige-ebony-new-acero-1965872?variant=58417377870127,2026-09-09,handbag,"Gucci
GG Supreme Monogram Textured Dollar Calfskin Web Small Ophidia Dome Shoulder Bag Beige Ebony New Acero","Exterior: Corner wear, scuffs, edge wear, pilling, frayed stitch(es), surface wear
Handle: Edge wear, scuffs
Interior: Ink marks, discoloration, tear in seam, marks, frayed stitch(es)
Hardware: Scratch(es)

Comes With: FASHIONPHILE Certificate of Authenticity

Item #: 1965872

This is the authentic GG Supreme Monogram Textured Dollar Calfskin Web Small Ophidia Dome Shoulder Bag Beige Ebony New Acero. This crossbody bag is crafted of monogram coated canvas with brown leather trim. The bag features an adjustable brown leather shoulder strap, a signature green and red web stripe with gold GG logo on the front, and a gold wrap-around zipper that opens to a teal satin interior with patch pockets.
Follow this item for alerts. Gucci is a registered trademark of Gucci. FASHIONPHILE is not affiliated with Gucci.

Base length: 9 in
Height: 7.25 in
Width: 3.25 in
Drop: 19.75 in","1,850.00",,750.00,Good,,https://www.fashionphile.com/cdn/shop/files/7fcf18f0e8f0141a377f72e123623826_57668958-6ccf-4acc-be7d-d0e7bda20b4c.jpg?v=1788429728|https://www.fashionphile.com/cdn/shop/files/f55d91744f94fe8c2bf113f6d89adf5e.jpg?v=1788429728|https://www.fashionphile.com/cdn/shop/files/b92c992ff9d48a7e773c030cf3d4e577.jpg?v=1788429728|https://www.fashionphile.com/cdn/shop/files/d5adc47bc8776d798759af2c8967739e.jpg?v=1788429728|https://www.fashionphile.com/cdn/shop/files/4c54ba4cea898f9d6d7a209d6851e4ca.jpg?v=1788429728|https://www.fashionphile.com/cdn/shop/files/7ae0763588c511350f86a58f279e2264.jpg?v=1788429728|https://www.fashionphile.com/cdn/shop/files/7180ac2a44f89958903e222522e9b4a2.jpg?v=1788429728|https://www.fashionphile.com/cdn/shop/files/9ff22657ed574629e959a232dc8e9d73.jpg?v=1788429728|https://www.fashionphile.com/cdn/shop/files/0cfb93337a7c934c9eb157898713caaf.jpg?v=1788429728|https://www.fashionphile.com/cdn/shop/files/b6880908973c1326b4427c328f277c1a.jpg?v=1788429728|https://www.fashionphile.com/cdn/shop/files/560e0b421e815226450ed48693225ec7_2038ce42-fead-4c03-a5a1-64f1b303f144.jpg?v=1788429728|https://www.fashionphile.com/cdn/shop/files/8ea091c55165162e13b61b60ca0be41a.jpg?v=1788429728|,,N
L049,Vinted,https://www.vinted.com/items/9947780631-authentic-coach-bag?referrer=catalog,2026-09-09,handbag,Authentic Coach Bag,"BrandCoach
Condition
Good
Material
Leather
Color
Beige, Cream
Uploaded
31 min ago
Used and in good condition",,,32.20,Good,Frequent Uploads,https://images1.vinted.net/t/04_024e5_HtD9n5RK4qtNWgeXaaFgRxwf/f800/ed0636db.webp?s=e37b7cc77ed4dce43327de03103dc63a1586601d|https://images1.vinted.net/t/01_00d42_F4uCoQxn2ZBgcevVkE8Y7JNr/f800/b85f3c58.webp?s=6f7c68fe737db1aa35f4338fb82e2c749c56a468|https://images1.vinted.net/t/04_0252b_y1phWKH2xK9BsGr9mhGAD2DQ/f800/a5986546.webp?s=a801f7bba710a40a2816dbf0986b2a9422cbfabb|https://images1.vinted.net/t/06_01235_d33S5NzWYdzvi5yxE9Fmqz9q/f800/470832fe.webp?s=52bf9be3982d09ad70056686f6f420fc2cbdbf4f|https://images1.vinted.net/t/02_00da4_s2dVbUMRB77abYrFHABg2pRc/f800/0e7e45ad.webp?s=54f7afd492e7bdf9d0759f5468b5612d9bc781b6|https://images1.vinted.net/t/02_019bd_GNVtQiUTxDdc6i4NEMhXX8D6/f800/525b841a.webp?s=f86121363c348c760bfbf3c92a2ad208672598d5|https://images1.vinted.net/t/05_00a33_YZCsnm8S9m9aAUHiPXfyi44G/f800/4d33bbf9.webp?s=6d6c36160deefa40efaa112bc5195b17c01009cb|,,Y
L050,Vinted,https://www.vinted.com/items/9937018706-kate-spade-cross-body-bag?referrer=catalog,2026-09-09,handbag,Kate spade cross body bag,"BrandKate Spade
Condition
New with tags
Color
Navy, White
Uploaded
22 hours ago
NWT real Kate Spade mini cam bag
Spade flower lc
Navy/multi
",279.00,,37.45,New with tags,Frequent Uploads,https://images1.vinted.net/t/05_0023c_24hdE8Hf4xkGh4tSG5jjc6i8/f800/e5d61075.webp?s=c783c3f418d0212cf946541a8da8b78aa895373a|https://images1.vinted.net/t/05_020a6_P9ihDo64iVa7BZFDEaDgubUC/f800/35e57364.webp?s=5b6164538db067a75f1bacb136c0b3134709bcea|https://images1.vinted.net/t/04_00015_G14dDMi8u6XwgzmH22Eadove/f800/fafddcda.webp?s=520e5c25170a705572b8dfad2ccb16e2a0512506|https://images1.vinted.net/t/06_0148e_Pn18jHeGqenZKcPzLFDPV6MV/f800/00257f78.webp?s=9e6ff466cbea63428376fb7d4aaeee582ac0c5b7|https://images1.vinted.net/t/04_013b8_WoCQnDqKQzp6WVQtZbmSYAsX/f800/0fae6c40.webp?s=e5e25d4faab9c2d66af0dadbba842eeb9de18de8|https://images1.vinted.net/t/06_0039c_wyeZchD7D6BasjeLfxx4dc6f/f800/51164b72.webp?s=9bcfc55689b9750d8a901117c7d5f0d210148937|,was only able to see MSRP because of photo of original tag on item,N
L051,eBay,https://www.ebay.com/itm/336769710725?itmmeta=01M24326MTSNNH9YR40PGZ7KS3&hash=item4e6909fa85:g:hAUAAeSwIf9qlELi&itmprp=enc%3AAQALAAAAwDKQclQvzFwZQpmMrsO4LuqZnwIeXgnPCd9amFsSgPylJ%2BUHIpu0zbEgyZ7KRowSo%2FYaG4sgVME2m5vDejsOLfFISRGiIbRjFY0iq7h2QsU%2BlaFwbSHVp2m5qzd6ihucYXnOrDWxshRlRwOZ1cD3akZ9MlSFD9qHzNOzZBnJPAFd7l81AGloJ5ICxLDslgkw61IyameydeQlJmySPH%2B6jArILfxt0iAP7Lwv87SIckbX%2BCHmx1JtBXYi4NPkMA5R9Q%3D%3D%7Ctkp%3ABk9SR-DqiIORaA,2026-09-09,handbag,Pre owned Large Dior Lady Dior Black tote,"Condition
Pre-owned - Good: This item has been gently used but is in good condition. It might have a few signs of use, but all imperfections should be shown and described in the seller’s listing. See all condition definitionsopens in a new window or tab
Bag Width
4 in
Shape
Rectangle
Closure
Zipper
Occasion
Casual
Handle/Strap Color
Black
Handle Drop
4 in
Size
Large
Hardware Color
Silver
Bag Depth
4 in
Fabric Type
Jacquard
Accents
Quilted
Accessories
Bag Charm
Department
Women
Exterior Color
Black
Style
Satchel/Top Handle Bag
Features
Inner Pockets
Finish
Patent
Pattern
Dior Cannage
Character
CD
Bag Height
10 in
Handle Style
Top Handle
Lining Material
Fabric
Exterior Material
Patent Leather
Brand
Dior
Hardware Material
Metal
Model
Dior Lady Dior
Lining Color
Gray
Theme
Designer
Handle/Strap Material
Patent Leather
Product Line
Dior Lady Dior

Pre owned Large Dior Lady Dior Black tote
Come with TikTok COA. No box No dust bag.",,,900.00,Pre-Owned - Good,,https://i.ebayimg.com/images/g/hAUAAeSwIf9qlELi/s-l960.webp|https://i.ebayimg.com/images/g/CwoAAeSw2o5qlELT/s-l1600.webp|https://i.ebayimg.com/images/g/FRsAAeSwwS5qlELT/s-l1600.webp|https://i.ebayimg.com/images/g/o7kAAeSw2ZtqlELT/s-l1600.webp|,,N
L052,The RealReal,https://www.therealreal.com/products/jewelry/rings/cocktail-ring/14k-1-83ct-tourmaline-cocktail-ring-w7yid,2026-09-09,jewelry,Ring 14K 1.83ct Tourmaline Cocktail Ring Size: 6.25,"14K Yellow Gold
Featuring 1.83 Carat Faceted Pear Shaped Tourmaline
Includes Generic Box 
Band Width
1.9mm
Ornament Length
8.4mm
Ornament Width
10.4mm
Marks
14K
Total Item Weight (g)
3.2
Collateral
Generic Box
Center Stone
Yes
Gemstone
Tourmaline
Carat Weight
1.83
Stone Count
1
Stone Shape
Faceted, Pear Shaped
Stone Color
Pink
Type/Clarity
Slightly Included
Gender
Women
Item #
RRING395143","2,595.00",,"1,365.00",Pristine,,https://product-images.therealreal.com/RRING395143_1_enlarged.jpg?auto=webp&width=1920|https://product-images.therealreal.com/RRING395143_2_enlarged.jpg?auto=webp&width=1920|https://product-images.therealreal.com/RRING395143_3_enlarged.jpg?auto=webp&width=1920|https://product-images.therealreal.com/RRING395143_4_enlarged.jpg?auto=webp&width=1920|https://product-images.therealreal.com/RRING395143_5_enlarged.jpg?auto=webp&width=1920 ,jewelry listings on the realreal come with attached valuation reports & warranty options,Y
L053,The RealReal,https://www.therealreal.com/products/jewelry/necklaces/pendant-necklace/daniella-design-18k-diamond-bow-pendant-necklace-w7if5,2026-09-09,jewelry,"Daniella Design
18K Diamond Bow Pendant Necklace","Rhodium-Plated 18K White Gold
Length
18""
Ornament-Length
.5""
Ornament Width
.75""
Marks
750, Designer Signature
Total Item Weight (g)
4.3
Gemstone
Diamond
Carat Weight
0.22
Stone Count
24
Stone Shape
Tapered Baguette
Color Grade
Near Colorless
Clarity Grade
Slightly Included
Gemstone
Diamond
Carat Weight
0.38
Stone Count
54
Stone Shape
Round Brilliant
Color Grade
Near Colorless
Clarity Grade
Slightly Included
Gender
Women
Item #
DANDE22540","13,800.00",,"3,450.00",Pristine,,https://product-images.therealreal.com/DANDE22540_1_enlarged.jpg?auto=webp&width=1920|https://product-images.therealreal.com/DANDE22540_2_enlarged.jpg?auto=webp&width=1920|https://product-images.therealreal.com/DANDE22540_3_enlarged.jpg?auto=webp&width=1920,"has ""good value"" label = ""a great piece at an even better price -- at least 70% off retail""",N
L054,Poshmark,https://poshmark.com/listing/Jil-SanderNecklace-Silver-Brass-One-Size-Made-in-Italy-NWT-6a90d7c0d0e93376c7c84118,2026-09-09,jewelry,Jil Sander Necklace - Silver Brass - One Size - Made in Italy NWT,"Size
OS
Condition
New With Tags
Color
Silver
Category
Women
Jewelry
Necklaces
Brand
Jil Sander
Style Tags
Designer Work Event
Party Wedding Elegant
Sophisticated
Necklace from Lookbooks
Metal brass with silver plating
Lobster clasp fastening
No appliqués
Circumference 33.15 Inches
Made in Italy","3,000.00",499.00,399.00,New with tags,Posh Ambassador II,https://di2ponv0v5otw.cloudfront.net/posts/2026/08/27/6a90d7c0d0e93376c7c84118/l_wp_6a90d7c74fcf26ec15c11952.webp|https://di2ponv0v5otw.cloudfront.net/posts/2026/08/27/6a90d7c0d0e93376c7c84118/l_wp_6a90d7c697098803e6d37ed3.webp|https://di2ponv0v5otw.cloudfront.net/posts/2026/08/27/6a90d7c0d0e93376c7c84118/l_wp_6a90d7c58974d074b4977b31.webp|https://di2ponv0v5otw.cloudfront.net/posts/2026/08/27/6a90d7c0d0e93376c7c84118/l_wp_6a90d7c7728253fb481eb075.webp|https://di2ponv0v5otw.cloudfront.net/posts/2026/08/27/6a90d7c0d0e93376c7c84118/l_wp_6a90d7ca17a3c4cd18eded3d.webp|https://di2ponv0v5otw.cloudfront.net/posts/2026/08/27/6a90d7c0d0e93376c7c84118/l_wp_6a90d7c7a1bf20e0a3a6fd73.webp|https://di2ponv0v5otw.cloudfront.net/posts/2026/08/27/6a90d7c0d0e93376c7c84118/l_wp_6a90d7c756502b586fcb0521.webp,,Y
L055,Poshmark,https://poshmark.com/listing/Elegant-Real-Pearl-andOxidized-Silver-and-Crystal-Earrings-6a5d56fa74cb47a0041d51d4,2026-09-09,jewelry,Elegant Real Pearl and Oxidized,"Size
OS
Color
Silver
Cream
Category
Women
Jewelry
Earrings
Understated elegance -These stunning earrings feature a real pearl centerpiece surrounded by sparkling crystals.

Pierce earrings

Size approximately 1/2 inch long",500.00,,85.00,,Posh Ambassador II,https://di2ponv0v5otw.cloudfront.net/posts/2026/07/19/6a5d56fa74cb47a0041d51d4/l_wp_6a5d56fe420644e8f6186d5c.webp|https://di2ponv0v5otw.cloudfront.net/posts/2026/07/19/6a5d56fa74cb47a0041d51d4/l_wp_6a5d57009936d6d099f354a5.webp|https://di2ponv0v5otw.cloudfront.net/posts/2026/07/19/6a5d56fa74cb47a0041d51d4/l_wp_6a5d56fed7555d44ce9518af.webp|https://di2ponv0v5otw.cloudfront.net/posts/2026/07/19/6a5d56fa74cb47a0041d51d4/l_wp_6a5d5701bdcb0488b1c13db5.webp|https://di2ponv0v5otw.cloudfront.net/posts/2026/07/19/6a5d56fa74cb47a0041d51d4/l_wp_6a5d56ffc4e7b47c394ced8f.webp|https://di2ponv0v5otw.cloudfront.net/posts/2026/07/19/6a5d56fa74cb47a0041d51d4/l_wp_6a5d56fea9a448333c110f71.webp,hard to know the authenticity of jewelry on poshmark b/c its not stated on listing officially -- but also much lower price point than other platforms,N
L056,eBay,https://www.ebay.com/itm/358924360463?itmmeta=01M243N6NQ4TA2BN0F9B7V233R&hash=item53918f1b0f:g:evcAAeSwpWFqoA7O&itmprp=enc%3AAQALAAAA4DKQclQvzFwZQpmMrsO4LurYc%2FkL%2FM85B5mbDHXizeixCANZM6qKswKpoEBk4E6bQoRUYSdO%2BK6v9rb%2F7xtuU8rLLfjXU7R%2B9%2B3TcqnWhWHjlnPkesW5D4PURbuTSKTTfs8tWhZehwC97g3ztlmxCHKflRg4Ke3mw2yeymqCZawrVlMris4PbIZojJrdBb0peagvFX%2Fe0EPoljZT0PMeBWK4zBGBO8NdLsuvU66%2BaEnlerDyrILIIQfk9lK3h2rQ7lv4n%2BhXfw%2BvsJBTX1tldiEEjYs%2BPygOMvapjS3diKGS%7Ctkp%3ABk9SR47r1IORaA,2026-09-09,jewelry,"4Ct Floating Diamond Station Bezel Necklace 14K Yellow Gold Lab Grown 18""
Color E-F, Clarity VS2-SI1, Free Returns","Condition
New with packaging: This item is brand new and has never been worn. It still has the original packaging. See all condition definitionsopens in a new window or tab
Brand
Pompeii3
Main Stone
Lab Grown Diamond
Metal
14k Yellow Gold
Metal Purity
14k
Style
VS 4Ct Diamond Necklace in 14k Yellow Gold
Type
Necklace
Main Stone Color
White
Base Metal
14k Yellow Gold
Materials sourced from
USA
Cut Grade
Very Good
Main Stone Creation
Created
Main Stone Treatment
Created
Setting Style
Bezel
Total Carat Weight
4
Number of Diamonds
10
Number of Gemstones
10
Chain Type
Link
Pendant/Locket Type
Pendant
Closure
Spring Ring
Country of Origin
USA
Gemstone Clarity Grade
VS2-SI1
Occasion
Gift
Seller Warranty
180 Days
Theme
Necklace
Width
1","9,999.95",,"1,999.95",New with packaging,98.6%,https://i.ebayimg.com/images/g/evcAAeSwpWFqoA7O/s-l1600.webp|https://i.ebayimg.com/images/g/6EMAAeSw7QVqoA7P/s-l1600.webp|https://i.ebayimg.com/images/g/DiQAAeSwu7NqoA7O/s-l1600.webp|https://i.ebayimg.com/images/g/wn0AAeSwyXhqoA7O/s-l1600.webp|https://i.ebayimg.com/images/g/FWAAAeSwxH9qoA7Q/s-l1600.webp|https://i.ebayimg.com/images/g/8asAAeSwThtqoA7P/s-l1600.webp|https://i.ebayimg.com/images/g/9XYAAeSwd4xqoA7O/s-l1600.webp|https://i.ebayimg.com/images/g/H7kAAeSw90tqoA7P/s-l1600.webp|,"authenticity guarantee tag

price becomes 1849.99 with coupon code",N
L057,eBay,https://www.ebay.com/itm/158254946361?_skw=Tiffany+%26+Co.&itmmeta=01M243W1WH40VVFMSVYJC3403H&hash=item24d8bad839:g:a70AAeSwpoNqdPHm&itmprp=enc%3AAQALAAAA0DKQclQvzFwZQpmMrsO4LuqLo6HyP6YZXzMvN6Gj8rbIaVal%2BGIO21Reep%2Bp%2Fixhy5fuICe5kjFd1oMkfrQCntPrHcdvrdgHesvIUQC5ImAtKjLtp2crs5zIPb6gixOJzgwrpTQ1bzqy8AxBh0btpCQKDs4COewemElA7jdPXPeO5EiAvdZnHiOzwahfZUVyftinikK7k8wPHVOlyqRfOd7%2BVrX%2FAT4yOaMB0aog9ePYok%2F5uUuJAGtpbEa%2Fh3qYcWLu15jyvcfMNwEwLJYN14I%3D%7Ctkp%3ABk9SR7ie8IORaA,2026-09-09,jewelry,Vintage 1990s Tiffany 18K Gold Two Tone Diamond Hinged Bangle Bracelet,"Condition
Pre-owned - Excellent: This item has been previously worn; however, it is in excellent condition. Any signs of wear should be shown and described in the seller’s listing. See all condition definitionsopens in a new window or tab
Antique
No
Closure
Hinged
Signed
Yes
Color
Yellow
Metal
Yellow Gold
Main Stone
Diamond
Vintage
Yes
Brand
Tiffany & Co.
Type
Bracelet
Metal Purity
18k
Style
Bangle
Base Metal
Gold
Country of Origin
United States


A striking vintage Tiffany & Co. bangle, stamped 18K, featuring a two-tone design with diamond accents. The bracelet features Tiffany’s distinctive ribbed design, composed of sculptural rounded gold bands accented by four pavé diamond stations positioned around the bangle.

Each diamond station is framed by raised polished gold detailing, creating a beautiful contrast between the warm yellow gold and bright white diamonds. The substantial construction and architectural design give the bracelet a bold presence while retaining the timeless elegance associated with vintage Tiffany & Co. jewelry.

The bracelet features a hinged construction with a secure clasp and is signed “TIFFANY & CO. 18K.”

Outside Circumference-7 3/8”
Inside Circumference -6.5”

Details:

* Designer: Tiffany & Co.
* Era: Vintage, believed to date to approximately the 1990s
* Metal: Stamped TIFFANY & CO. 18K; two-tone design
* Gemstones: Round brilliant-cut earth mined diamonds of high quality
* Design: Ribbed bangle with four pavé diamond stations
* Closure: Hinged bangle with clasp
* Signed: TIFFANY & CO. 18K
* Authentic vintage Tiffany & Co. jewelry",,,"2,950.00",Pre-Owned - Excellent,100.0%,https://i.ebayimg.com/images/g/a70AAeSwpoNqdPHm/s-l1600.webp|https://i.ebayimg.com/images/g/JloAAeSwJtNqdPHm/s-l1600.webp|https://i.ebayimg.com/images/g/slIAAeSwVjtqdPFx/s-l1600.webp|https://i.ebayimg.com/images/g/e6UAAeSwR-FqdPFx/s-l1600.webp|https://i.ebayimg.com/images/g/e30AAeSw2RBqdPFy/s-l1600.webp|https://i.ebayimg.com/images/g/bmgAAeSwMwFqdPFx/s-l1600.webp|https://i.ebayimg.com/images/g/cH0AAeSwGbJqdPFx/s-l1600.webp|https://i.ebayimg.com/images/g/bykAAeSw4PZqdPFy/s-l1600.webp|https://i.ebayimg.com/images/g/cBEAAeSwFz1qdPFx/s-l1600.webp|https://i.ebayimg.com/images/g/HnMAAeSwRT9qdPFy/s-l1600.webp|https://i.ebayimg.com/images/g/D6wAAeSwSG9qdQCI/s-l1600.webp|https://i.ebayimg.com/images/g/KUcAAeSwR7pqmfGM/s-l1600.webp|https://i.ebayimg.com/images/g/7e8AAeSw02JqmfFc/s-l1600.webp|https://i.ebayimg.com/images/g/Jz4AAeSwXlRqmfFd/s-l1600.webp,"Authenticity Guarantee
This item is shipped to jewelry experts at GIA for verification before delivery.",Y
L058,Vestiaire Collective,https://www.vestiairecollective.com/women-jewellery/necklaces/tiffany-co/silver-silver-elsa-peretti-tiffany-co-necklace-70829012.shtml?_gl=1*112kkt7*_up*MQ..&gclid=Cj0KCQjwh4TVBhCWARIsAG0czmoIp5CcozggY0W1egoZNxDcS0HqWMSDL5AUvmBO42NAWPjLPViehRkaAofYEALw_wcB&gbraid=0AAAAADSZTnIoQg9Q4JMMKoLV2zOdR3GwF,2026-09-09,jewelry,Tiffany & Co Elsa Peretti silver necklace,"The simple, evocative shape of Elsa Peretti Open Heart designs celebrates the spirit of love. This elegant style is one of her most celebrated icons.

Sterling silver
11 mm wide
On a 16"" chain
Box/pouch not included.

Details
Online since:2026-09-08
Categories :Women
Category:Jewellery
Sub-category:Necklaces
Designer:Tiffany & Co
Model:Elsa Peretti
Condition:Very good conditionMore info
Material:Silver
Colour:Silver
Location:United States, from the seller Oclux
Reference:70829012
Measurements
Length:16 in",,,259.00,Very Good,Expert Seller,"https://images.vestiairecollective.com/images/resized/w=1024,q=75,f=auto,/produit/silver-silver-elsa-peretti-tiffany-co-necklace-70829012-3_2.jpg|https://images.vestiairecollective.com/images/resized/w=1024,q=75,f=auto,/produit/silver-silver-elsa-peretti-tiffany-co-necklace-70829012-1_2.jpg|https://images.vestiairecollective.com/images/resized/w=1024,q=75,f=auto,/produit/silver-silver-elsa-peretti-tiffany-co-necklace-70829012-2_2.jpg|https://images.vestiairecollective.com/images/resized/w=1024,q=75,f=auto,/produit/silver-silver-elsa-peretti-tiffany-co-necklace-70829012-4_2.jpg|https://images.vestiairecollective.com/images/resized/w=1024,q=75,f=auto,/produit/silver-silver-elsa-peretti-tiffany-co-necklace-70829012-5_2.jpg|https://images.vestiairecollective.com/images/resized/w=1024,q=75,f=auto,/produit/silver-silver-elsa-peretti-tiffany-co-necklace-70829012-6_2.jpg|https://images.vestiairecollective.com/images/resized/w=1024,q=75,f=auto,/produit/silver-silver-elsa-peretti-tiffany-co-necklace-70829012-7_2.jpg",authentication can be added at checkout by the buyer,Y
L059,Vestiaire Collective,https://www.vestiairecollective.com/women-jewellery/necklaces/celine/gold-metal-maillon-triomphe-celine-necklace-70078812.shtml,2026-09-09,jewelry,Celine Maillon Triomphe necklace,"Celine Maillon Triomphe necklace
Vintage
Gold Plated
Good Condition - minor loss of plating throughout
16.5"" Length

Details
Online since:2026-08-19
Categories :Women
Category:Jewellery
Sub-category:Necklaces
Designer:Celine
Model:Maillon Triomphe
Condition:Good conditionMore info
Material:Metal
Colour:Gold
Style:Vintage
Location:United States, from the seller Emily
Reference:70078812
Measurements
Length:16.5 in",,340.00,306.00,Good,"Expert Seller
Fashion Activist","https://images.vestiairecollective.com/images/resized/w=1024,q=75,f=auto,/produit/gold-metal-maillon-triomphe-celine-necklace-70078812-1_2.jpg|https://images.vestiairecollective.com/images/resized/w=1024,q=75,f=auto,/produit/gold-metal-maillon-triomphe-celine-necklace-70078812-2_2.jpg|https://images.vestiairecollective.com/images/resized/w=1024,q=75,f=auto,/produit/gold-metal-maillon-triomphe-celine-necklace-70078812-3_2.jpg|https://images.vestiairecollective.com/images/resized/w=1024,q=75,f=auto,/produit/gold-metal-maillon-triomphe-celine-necklace-70078812-4_2.jpg",can Add Authentication & Quality Control at checkout,N
L060,Fashionphile,https://www.fashionphile.com/collections/jewelry/products/tiffany-18k-rose-gold-diamond-fleur-de-lis-ring-57-8-1927304?variant=58262610149679,2026-09-09,jewelry,"Tiffany
18K Rose Gold Diamond Fleur de Lis Ring 57 8","Hardware: Faint scratch(es)
Comes With: FASHIONPHILE Certificate of Authenticity, box, case
Item #: 1927304

This is an authentic TIFFANY 18K Rose Gold Diamond Fleur de Lis Ring size 53 or 6.5. The ring is crafted of 18 karat rose gold featuring a fleur de lis key shaped motif accented with diamonds weighing approximately .21 total carat weight.",,,"1,950.00",Excellent,,https://www.fashionphile.com/cdn/shop/files/a33bf51c99071c9618591e5df2278cf0.jpg?v=1785333719|https://www.fashionphile.com/cdn/shop/files/9eb03316755548d691a8e4f20737c5bb.jpg?v=1785333719|https://www.fashionphile.com/cdn/shop/files/3d77c9652114e67250d437834b3c037f.jpg?v=1785333719|https://www.fashionphile.com/cdn/shop/files/169857a715b96a19177171fa7f9c5136.jpg?v=1785333719|https://www.fashionphile.com/cdn/shop/files/81e3d7d30237f72a5adf1320eca6089f.jpg?v=1785333719,has certified authentic tag on listing,Y
L061,Fashionphile,https://www.fashionphile.com/collections/jewelry/products/van-cleef-arpels-18k-yellow-gold-mother-of-pearl-vintage-alhambra-earrings-1876510?variant=57937799741743,2026-09-09,jewelry,"Van Cleef & Arpels
18K Yellow Gold Mother of Pearl Vintage Alhambra Earrings","Hardware: Faint scratch(es)

Comes With: FASHIONPHILE Certificate of Authenticity, pouch

Item #: 1876510

This is an authentic pair of VAN CLEEF & ARPELS 18K Yellow Gold Mother of Pearl Vintage Alhambra Earrings. The earrings are crafted of 18 karat yellow gold and feature an Alhambra clover motif set with mother of pearl framed by beaded detail.","4,750.00",,"4,295.00",Excellent,,https://www.fashionphile.com/cdn/shop/files/20b8d764ba12a60ea293f4c40b5a8d70.jpg?v=1778605983|https://www.fashionphile.com/cdn/shop/files/b8ef2363b8489868392a222c281b576d.jpg?v=1778605983|https://www.fashionphile.com/cdn/shop/files/c3df60c12be36bfe77c2a52c0a6ca2ad.jpg?v=1778605983|https://www.fashionphile.com/cdn/shop/files/11fe0bcab7a0631e317e35ac9285699e.jpg?v=1778605983|https://www.fashionphile.com/cdn/shop/files/36ce91f142e4b7c084a92ef8aed15066.jpg?v=1778605983|,has certified authentic tag on listing,N
L062,The RealReal,https://www.therealreal.com/products/women/handbags/hobos/bottega-veneta-intrecciato-hop-small-vozzh,2026-09-18,handbag,"Bottega Veneta
Intrecciato Hop Small","Bottega Veneta Hobo
By Matthieu Blazy
Burgundy Leather
Intrecciato Weave
Gold-Tone Hardware
Handle
Leather Lining & Single Interior Pocket
Snap Closure at Top
Includes Dust Bag
Unfortunately, due to restrictions, this item may not be eligible for shipping in all areas.

Estimated item measurements
Shoulder Strap Drop
4.5""
Height
12""
Width
17.5""
Depth
0.5""
Gender
Women","4,600.00","3,400.00","3,230.00",Fair,,https://product-images.therealreal.com/BOT378793_1_enlarged.jpg?auto=webp&width=256|https://product-images.therealreal.com/BOT378793_2_enlarged.jpg?auto=webp&width=256|https://product-images.therealreal.com/BOT378793_3_enlarged.jpg?auto=webp&width=256|https://product-images.therealreal.com/BOT378793_4_enlarged.jpg?auto=webp&width=256|https://product-images.therealreal.com/BOT378793_5_enlarged.jpg?auto=webp&width=256|https://product-images.therealreal.com/BOT378793_6_enlarged.jpg?auto=webp&width=256,listed as an editors pick item despite it being only fair condition,N
L063,The RealReal,https://www.therealreal.com/products/women/handbags/shoulder-bags/fendi-selleria-shoulder-bag-wll4e,2026-09-18,handbag,"Fendi
Selleria Shoulder Bag","Fendi Shoulder Bag
From the 2005 Collection by Karl Lagerfeld
Pink Leather
Selleria
Silver-Tone Hardware
Handle & Single Adjustable Shoulder Strap
Whipstitch Trim
Suede Lining & Single Interior Pocket
Snap Closure at Front
Includes Dust Bag
Unfortunately, due to restrictions, this item may not be eligible for shipping in all areas.

Estimated item measurements
Shoulder Strap Drop
7.75""
Handle Drop
5.5""
Height
8.75""
Width
15""
Depth
3.25""",,,595.00,Good,,https://product-images.therealreal.com/FEN454519_1_enlarged.jpg?auto=webp&width=1920|https://product-images.therealreal.com/FEN454519_2_enlarged.jpg?auto=webp&width=1920|https://product-images.therealreal.com/FEN454519_3_enlarged.jpg?auto=webp&width=1920|https://product-images.therealreal.com/FEN454519_4_enlarged.jpg?auto=webp&width=1920|https://product-images.therealreal.com/FEN454519_5_enlarged.jpg?auto=webp&width=1920|https://product-images.therealreal.com/FEN454519_6_enlarged.jpg?auto=webp&width=1920,"listed as a ""Trending"" item",N
L064,The RealReal,https://www.therealreal.com/products/women/handbags/shoulder-bags/tory-burch-suede-shoulder-bag-wne9p,2026-09-18,handbag,"Tory Burch
Suede Shoulder Bag","Tory Burch Shoulder Bag
Brown Suede
Gold-Tone Hardware
Handle & Single Shoulder Strap
Suede Lining & Dual Interior Pockets
Clasp Closure at Front

Details
Estimated item measurements
Shoulder Strap Drop
11.5""
Height
10.75""
Width
14.5""
Depth
5.75""",600.00,,235.00,Good,,https://product-images.therealreal.com/WTO865431_1_enlarged.jpg?auto=webp&width=1920|https://product-images.therealreal.com/WTO865431_2_enlarged.jpg?auto=webp&width=1920|https://product-images.therealreal.com/WTO865431_3_enlarged.jpg?auto=webp&width=1920|https://product-images.therealreal.com/WTO865431_4_enlarged.jpg?auto=webp&width=1920|https://product-images.therealreal.com/WTO865431_5_enlarged.jpg?auto=webp&width=1920|https://product-images.therealreal.com/WTO865431_6_enlarged.jpg?auto=webp&width=1920,,N
L065,The RealReal,https://www.therealreal.com/products/women/handbags/clutches/chloe-leather-clutch-w-tags-wltv5,2026-09-18,handbag,"Chloé
Leather Clutch w/ Tags","Chloé Clutch
Purple Leather
Braided Handles
Suede Lining
Fold-In Flap Closure at Front
Includes Dust Bag
Unfortunately, due to restrictions, this item may not be eligible for shipping in all areas.


Details
Estimated item measurements
Handle Drop
12""
Height
6.75""
Width
11.75""
Depth
0.75""",800.00,,395.00,Pristine,,https://product-images.therealreal.com/CHL400023_1_enlarged.jpg?auto=webp&width=1920|https://product-images.therealreal.com/CHL400023_2_enlarged.jpg?auto=webp&width=1920|https://product-images.therealreal.com/CHL400023_3_enlarged.jpg?auto=webp&width=1920|https://product-images.therealreal.com/CHL400023_4_enlarged.jpg?auto=webp&width=1920|https://product-images.therealreal.com/CHL400023_5_enlarged.jpg?auto=webp&width=1920|https://product-images.therealreal.com/CHL400023_6_enlarged.jpg?auto=webp&width=1920,"marked as ""trending""",N
L066,The RealReal,https://www.therealreal.com/products/women/handbags/shoulder-bags/chanel-paris-cosmopolite-small-straight-lined-flap-bag-wlyqb,2026-09-18,handbag,"Chanel
Paris-Cosmopolite Small Straight-Lined Flap Bag","Chanel Shoulder Bag
From the Pre-Fall 2017 Collection by Karl Lagerfeld
Black Leather
Interlocking CC Logo, Quilted Pattern & Chain-Link Accent
Antiqued Gold-Tone Hardware
Chain-Link Handles & Chain-Link Shoulder Straps
Chain-Link Accents & Single Exterior Pocket
Leather Lining & Single Interior Pocket with Card Slots
Turn-Lock & Flap Closures at Front
Includes Dust Bag & Authenticity Card
Unfortunately, due to restrictions, this item may not be eligible for shipping in all areas.


Details
Estimated item measurements
Shoulder Strap Drop
18""
Handle Drop
3.25""
Height
4.75""
Width
8""
Depth
3""",,,"2,500.00",Very Good,,https://product-images.therealreal.com/CHA1503480_1_enlarged.jpg?auto=webp&width=1920|https://product-images.therealreal.com/CHA1503480_2_enlarged.jpg?auto=webp&width=1920|https://product-images.therealreal.com/CHA1503480_3_enlarged.jpg?auto=webp&width=1920|https://product-images.therealreal.com/CHA1503480_4_enlarged.jpg?auto=webp&width=1920|https://product-images.therealreal.com/CHA1503480_5_enlarged.jpg?auto=webp&width=1920|https://product-images.therealreal.com/CHA1503480_6_enlarged.jpg?auto=webp&width=1920,,N
L067,The RealReal,https://www.therealreal.com/products/women/handbags/handle-bags/hermes-toile-goeland-swift-cargo-birkin-35-wkr5o,2026-09-18,handbag,"Hermès
Toile Goeland & Swift Cargo Birkin 35","Hermès Top Handle Bag
From the 2021 Collection
Noir & Bleu Marine Canvas
Palladium-Plated Hardware
Swift Leather Trim
Rolled Handles
Leather Trim Embellishment & Four Exterior Pockets
Unlined
Turn-Lock & Flap Closures at Front
Protective Feet at Base
Includes Box, Dust Bag, Lock, Keys, Clochette & Rain Jacket

Details
Estimated item measurements
Handle Drop
4.5""
Height
10.5""
Width
13.25""
Depth
7.5""
Lock/Key
Included
Box
Included
Dustbag
3 Included
Rain Jacket
Included
Size
35cm
Hardware
Palladium-Plated",,,"32,500.00",Very Good,,https://product-images.therealreal.com/HER884229_1_enlarged.jpg?auto=webp&width=1920|https://product-images.therealreal.com/HER884229_2_enlarged.jpg?auto=webp&width=1920|https://product-images.therealreal.com/HER884229_3_enlarged.jpg?auto=webp&width=1920|https://product-images.therealreal.com/HER884229_4_enlarged.jpg?auto=webp&width=1920|https://product-images.therealreal.com/HER884229_5_enlarged.jpg?auto=webp&width=1920|https://product-images.therealreal.com/HER884229_6_enlarged.jpg?auto=webp&width=1920,,N
L068,The RealReal,https://www.therealreal.com/products/women/clothing/pants/fendi-animal-print-wide-leg-pants-w-tags-wlbhc,2026-09-18,clothing,"Fendi
Animal Print Ski Pants w/ Tags","Fendi Ski Pants
Brown
Animal Print
Mid-Rise
Slit Pockets
Zip & Button Closure
Fit: Pants by Fendi typically fit small, consider taking a size up.


Details
Estimated item measurements
Waist
26.75""
Hip
34.75""
Rise
12.25""
Inseam
30.5""
Leg Opening
17.25""
Gender
Women
Fabric
100% Polyester; Lining 100% Polyester; Combo 100% Polyester","1,290.00",,425.00,Pristine,,https://product-images.therealreal.com/FEN454451_1_enlarged.jpg?auto=webp&width=1920|https://product-images.therealreal.com/FEN454451_2_enlarged.jpg?auto=webp&width=1920|https://product-images.therealreal.com/FEN454451_3_enlarged.jpg?auto=webp&width=1920,,N
L069,The RealReal,https://www.therealreal.com/products/women/clothing/dresses/staud-halterneck-long-dress-wgik2,2026-09-18,clothing,"Staud
Halterneck Long Dress","Staud Evening Gown
Brown
Halterneck
Concealed Zip Closure at Back
Fit: Dresses by Staud typically fit true to size.


Details
Estimated item measurements
Bust
27""
Waist
23.25""
Hip
27.75""
Length
60.25""
Gender
Women
Fabric
Not listed, feels like synthetic blend.",595.00,,165.00,Excellent,,https://product-images.therealreal.com/WSTFG120546_1_enlarged.jpg?auto=webp&width=1920|https://product-images.therealreal.com/WSTFG120546_2_enlarged.jpg?auto=webp&width=1920|https://product-images.therealreal.com/WSTFG120546_3_enlarged.jpg?auto=webp&width=1920,"labeled as ""good value"" under TRR's own tagging system",N
L070,The RealReal,https://www.therealreal.com/products/women/clothing/jackets/saint-laurent-wool-blazer-w-tags-wm3x8,2026-09-18,clothing,"Saint Laurent
Wool Blazer w/ Tags","Saint Laurent Wool Blazer
Black
Pointed Collar
Flap Pockets & Button Closure
Fit: Jackets by Saint Laurent typically fit small, consider taking a size up.


Details
Estimated item measurements
Bust
31.5""
Waist
36""
Shoulder
14.5""
Length
31.25""
Sleeve
24.25""
Gender
Women
Fabric
100% Wool; Lining 100% Silk; Pockets/Pocket Lining 97% Cotton, 3% Elastane","3,360.00",,"1,595.00",Pristine,,https://product-images.therealreal.com/SNT512381_1_enlarged.jpg?auto=webp&width=1920|https://product-images.therealreal.com/SNT512381_2_enlarged.jpg?auto=webp&width=1920|https://product-images.therealreal.com/SNT512381_3_enlarged.jpg?auto=webp&width=1920,,N
L071,The RealReal,https://www.therealreal.com/products/women/clothing/pants/brunello-cucinelli-linen-straight-leg-pants-w-tags-v47zn,2026-09-18,clothing,"Brunello Cucinelli
Linen Straight Leg Pants w/ Tags","Brunello Cucinelli Linen Straight Leg Pants
Neutrals
Mid-Rise
Slit Pockets
Zip & Button Closure
Fit: Pants by Brunello Cucinelli are typically designed for a relaxed fit, consider taking a size down based on desired fit.


Details
Estimated item measurements
Waist
31""
Hip
39.5""
Rise
12.5""
Inseam
27.5""
Leg Opening
15""
Gender
Women
Fabric
100% Linen","2,650.00",625.00,437.50,Pristine,,https://product-images.therealreal.com/BRU444620_1_enlarged.jpg?auto=webp&width=1920|https://product-images.therealreal.com/BRU444620_2_enlarged.jpg?auto=webp&width=1920|https://product-images.therealreal.com/BRU444620_3_enlarged.jpg?auto=webp&width=1920,,N
L072,The RealReal,https://www.therealreal.com/products/women/clothing/tops/sandro-floral-print-v-neck-blouse-wm8di,2026-09-18,clothing,"Sandro
Floral Print V-Neck Blouse","Sandro Blouse
Black
Floral Print
Short Sleeve with V-Neck
Button Closure at Front
Fit: Tops by Sandro typically fit small, consider taking a size up.


Details
Estimated item measurements
Bust
42""
Waist
43""
Length
25.5""
Gender
Women
Fabric
100% Cotton",330.00,125.00,118.75,Excellent,,https://product-images.therealreal.com/WS2235104_1_enlarged.jpg?auto=webp&width=1920|https://product-images.therealreal.com/WS2235104_2_enlarged.jpg?auto=webp&width=1920|https://product-images.therealreal.com/WS2235104_3_enlarged.jpg?auto=webp&width=1920,,N
L073,The RealReal,https://www.therealreal.com/products/women/shoes/sandals/christian-dior-leather-sandals-wlkt3,2026-09-18,shoes,"Christian Dior
Leather Sandals","Christian Dior Leather Sandals
Silver
Straps & Buckle Closure at Ankles
Designer Fit: Sandals by Christian Dior typically run a half size small.

Details
Estimated item measurements
Heels
3.5""
Gender
Women",,365.00,346.75,Good,,https://product-images.therealreal.com/CHR624226_1_enlarged.jpg?auto=webp&width=1920|https://product-images.therealreal.com/CHR624226_2_enlarged.jpg?auto=webp&width=1920|https://product-images.therealreal.com/CHR624226_3_enlarged.jpg?auto=webp&width=1920|https://product-images.therealreal.com/CHR624226_4_enlarged.jpg?auto=webp&width=1920|https://product-images.therealreal.com/CHR624226_5_enlarged.jpg?auto=webp&width=1920,"labeled as ""trending"" per TRR's own tagging system",N
L074,The RealReal,https://www.therealreal.com/products/women/shoes/flats/gucci-vintage-horsebit-accent-flats-wkxkk,2026-09-18,shoes,"Gucci
Vintage Horsebit Accent Flats","Gucci Vintage Flats
Blue Leather
Horsebit Accent
Square-Toes
Designer Fit: Flats by Gucci typically run a half size small.

Gender
Women",980.00,195.00,175.50,Good,,https://product-images.therealreal.com/GUC2151546_1_enlarged.jpg?auto=webp&width=1920|https://product-images.therealreal.com/GUC2151546_2_enlarged.jpg?auto=webp&width=1920|https://product-images.therealreal.com/GUC2151546_3_enlarged.jpg?auto=webp&width=1920|https://product-images.therealreal.com/GUC2151546_4_enlarged.jpg?auto=webp&width=1920|https://product-images.therealreal.com/GUC2151546_5_enlarged.jpg?auto=webp&width=1920,,N
L075,The RealReal,https://www.therealreal.com/products/women/shoes/boots/staud-suede-boots-wifpw,2026-09-18,shoes,"Staud
Suede Boots","Staud Suede Knee-High Boots
Blue
Pointed-Toes
Concealed Zip Closure at Sides

Details
Estimated item measurements
Calf Circumference
15.5""
Shaft
18.25""
Heels
2""
Gender
Women",495.00,,200.00,Very Good,,https://product-images.therealreal.com/WSTFG120908_1_enlarged.jpg?auto=webp&width=1920|https://product-images.therealreal.com/WSTFG120908_2_enlarged.jpg?auto=webp&width=1920|https://product-images.therealreal.com/WSTFG120908_3_enlarged.jpg?auto=webp&width=1920|https://product-images.therealreal.com/WSTFG120908_4_enlarged.jpg?auto=webp&width=1920|https://product-images.therealreal.com/WSTFG120908_5_enlarged.jpg?auto=webp&width=1920,,N
L076,The RealReal,https://www.therealreal.com/products/women/shoes/sandals/valentino-rockstud-accents-leather-slides-w-tags-wnsc0,2026-09-18,shoes,"Valentino
Rockstud Accents Leather Slides w/ Tags","Valentino Leather Slides
Neutrals
Rockstud Accents
Studded Accents
Includes Box & Dust Bag

Details
Estimated item measurements
Heels
2.75""
Gender
Women",980.00,,545.00,Pristine,,https://product-images.therealreal.com/VAL598203_1_enlarged.jpg?auto=webp&width=1920|https://product-images.therealreal.com/VAL598203_2_enlarged.jpg?auto=webp&width=1920|https://product-images.therealreal.com/VAL598203_3_enlarged.jpg?auto=webp&width=1920|https://product-images.therealreal.com/VAL598203_4_enlarged.jpg?auto=webp&width=1920|https://product-images.therealreal.com/VAL598203_5_enlarged.jpg?auto=webp&width=1920,,N
L077,The RealReal,https://www.therealreal.com/products/women/shoes/flats/ulla-johnson-leather-flats-wlg90,2026-09-18,shoes,"Ulla Johnson
Leather Flats","Ulla Johnson Leather Flats
Brown
Square-Toes

Details
Gender
Women",695.00,,210.00,Excellent,,https://product-images.therealreal.com/WUL283899_1_enlarged.jpg?auto=webp&width=1920|https://product-images.therealreal.com/WUL283899_2_enlarged.jpg?auto=webp&width=1920|https://product-images.therealreal.com/WUL283899_3_enlarged.jpg?auto=webp&width=1920|https://product-images.therealreal.com/WUL283899_4_enlarged.jpg?auto=webp&width=1920|https://product-images.therealreal.com/WUL283899_5_enlarged.jpg?auto=webp&width=1920,"labeled as ""editors pick"" by TRR's own system",N
L078,The RealReal,https://www.therealreal.com/products/jewelry/bracelets/link/cartier-d-amour-station-bracelet-whd1z,2026-09-18,jewelry,"Cartier
d'Amour Station Bracelet","From the Cartier d'Amour Collection
18K Rose Gold
Includes Designer Box & Certificate of Authenticity

Details
Estimated item measurements
Inside Circumference
6.5""
Maximum Inside Circumference
7.5""
Width
0.25""
Inside Circumference
6.5""
Maximum Inside Circumference
7.5""
Ornament-Length
.25""
Ornament Width
.25""
Marks
750, Designer Signature, Maker's Mark, Serial Number
Total Item Weight (g)
3.1
Serial Number
XC****
Collateral
Certificate of Authenticity, Designer Box
Gemstone
Diamond
Carat Weight
0.65
Stone Count
7
Stone Shape
Round Brilliant
Color Grade
Colorless
Clarity Grade
Very Very Slightly Included
Gender
Women","9,800.00",,"4,925.00",Excellent,,https://product-images.therealreal.com/CRT156876_1_enlarged.jpg?auto=webp&width=1920|https://product-images.therealreal.com/CRT156876_2_enlarged.jpg?auto=webp&width=1920|https://product-images.therealreal.com/CRT156876_3_enlarged.jpg?auto=webp&width=1920,,N
L079,The RealReal,https://www.therealreal.com/products/jewelry/earrings/drop/18k-sapphire-leaf-earclips-w6rzk,2026-09-18,jewelry,"Earrings
18K Sapphire Leaf Earclips","Rhodium-Plated 18K White Gold & 18K Yellow Gold
Featuring 0.59 Carat Round Faceted Pink Sapphire

Details
Estimated item measurements
Length
1""
Width
0.75""
Marks
18K, ITALY
Total Item Weight (g)
12.0
Gemstone
Pink Sapphire
Carat Weight
0.59
Stone Count
4
Stone Shape
Round Faceted
Stone Color
Pink
Type/Clarity
Slightly Included
Gender
Women","3,505.00",,"1,845.00",Very Good,,https://product-images.therealreal.com/EARRI418955_1_enlarged.jpg?auto=webp&width=1920|https://product-images.therealreal.com/EARRI418955_2_enlarged.jpg?auto=webp&width=1920|https://product-images.therealreal.com/EARRI418955_3_enlarged.jpg?auto=webp&width=1920,,N
L080,The RealReal,https://www.therealreal.com/products/jewelry/rings/band/14k-diamond-band-wimt6,2026-09-18,jewelry,"Ring
14K Diamond Band","14K Yellow Gold

Details
Estimated item measurements
Band Width
2.6mm
Marks
14K
Total Item Weight (g)
3.4
Gemstone
Diamond
Stone Count
7
Stone Shape
Round Brilliant
Color Grade
Near Colorless
Clarity Grade
Slightly Included
Gemstone
Diamond
Stone Count
3
Stone Shape
Marquise Brilliant
Color Grade
Near Colorless
Clarity Grade
Slightly Included
Gender
Women",945.00,,485.00,Fair,,https://product-images.therealreal.com/RRING398740_1_enlarged.jpg?auto=webp&width=1920|https://product-images.therealreal.com/RRING398740_2_enlarged.jpg?auto=webp&width=1920|https://product-images.therealreal.com/RRING398740_3_enlarged.jpg?auto=webp&width=1920|https://product-images.therealreal.com/RRING398740_4_enlarged.jpg?auto=webp&width=1920|https://product-images.therealreal.com/RRING398740_5_enlarged.jpg?auto=webp&width=1920,,N
L081,The RealReal,https://www.therealreal.com/products/jewelry/bracelets/link/lagos-18k-ceramic-link-bracelet-wjn17,2026-09-18,jewelry,"Lagos
18K & Ceramic Link Bracelet","18K Yellow Gold & Ceramic

Details
Estimated item measurements
Maximum Inside Circumference
6.75""
Width
0.25""
Marks
750, Designer Signature
Total Item Weight (g)
14.4
Non-Gem Materials
Ceramic
Gender
Women","2,400.00",,"1,595.00",Excellent,,https://product-images.therealreal.com/LAG46402_1_enlarged.jpg?auto=webp&width=1920|https://product-images.therealreal.com/LAG46402_2_enlarged.jpg?auto=webp&width=1920|https://product-images.therealreal.com/LAG46402_3_enlarged.jpg?auto=webp&width=1920,"labeled as ""smart investment"" by TRR tagging = meaning this piece has been proven to hold its value over time",N
L082,Fashionphile,https://www.fashionphile.com/products/hermes-chevre-mysore-mini-1923-bolide-black-1886648,2026-09-18,handbag,"Hermes
Chevre Mysore Mini 1923 Bolide Black","Handle: Frayed stitch(es)
Hardware: Scratch(es), protective plastic sticker(s) intact
Interior: Scuffs, surface wear, marks

Comes With: FASHIONPHILE Certificate of Authenticity, box, dust bag, strap

Year: 2023

This is an authentic HERMES Chevre Mysore Mini 1923 Bolide in Black. This stylish tote is crafted of supple chevre mysore goatskin leather in black. This mini handbag features rolled leather top handles, an optional leather shoulder strap, and polished gold hardware. The top zipper opens to a matching leather interior with a patch pocket.",,,"8,595.00",Excellent,,https://www.fashionphile.com/cdn/shop/files/a0428e01b7dfecfecae191c0300117d5.jpg?v=1781550032|https://www.fashionphile.com/cdn/shop/files/883c63cc4a0453e9e35fdce75cbb8006.jpg?v=1781550032|https://www.fashionphile.com/cdn/shop/files/51b362783fd586d9d1c24ab059d4bda3.jpg?v=1781550032|https://www.fashionphile.com/cdn/shop/files/bdd42db24f14cad5c398b55b4ff793ac.jpg?v=1781550032|https://www.fashionphile.com/cdn/shop/files/467ccd3ad22709514382eaa0bf0d77c9.jpg?v=1781550032|https://www.fashionphile.com/cdn/shop/files/98714cfa01b50243e3d30923968d0bf6.jpg?v=1781550032|https://www.fashionphile.com/cdn/shop/files/3e5ac47154c43fbf226f6cd484055219.jpg?v=1781550032|https://www.fashionphile.com/cdn/shop/files/87096d1243daeef39974c5d0ce1c1dce.jpg?v=1781550032|https://www.fashionphile.com/cdn/shop/files/d758a776abc51f4c39a49423bbd7da2b.jpg?v=1781550032|https://www.fashionphile.com/cdn/shop/files/73345bae5d0e9d49cddd510d196fb591.jpg?v=1781550032|https://www.fashionphile.com/cdn/shop/files/573076adef79074991925ffb602f7244.jpg?v=1781550032,,N
L083,Fashionphile,https://www.fashionphile.com/products/salvatore-ferragamo-calfskin-medium-hug-bag-black-1872698,2026-09-18,handbag,"Salvatore Ferragamo
Calfskin Medium Hug Bag Black","Handle: Edge wear
Exterior: Edge wear, marks, faint corner wear, faint scuffs
Hardware: Scratch(es)
Interior: Scuffs, marks

Comes With: FASHIONPHILE Certificate of Authenticity, dust bag, strap, bag charm

This is an authentic SALVATORE FERRAGAMO Calfskin Medium Hug Bag in Black. This stylish top handle bag is crafted of calfskin leather in black with wrap around straps with gancini clasps. It features gold hardware, rolled leather handles, and an optional shoulder strap. The bag has an open top and a leather interior with a zipper pocket","3,400.00",,"2,495.00",Very Good,,https://www.fashionphile.com/cdn/shop/files/c060954630c2d3679dd8e47a5f6c1972.jpg?v=1778515578|https://www.fashionphile.com/cdn/shop/files/0e5b47d4bc45d50f1f3cc6b01a2918ae.jpg?v=1778515577|https://www.fashionphile.com/cdn/shop/files/5733fbf54bc1b1f4f0336375c0c03fb4.jpg?v=1778515578|https://www.fashionphile.com/cdn/shop/files/0bb3a6daf5562cf3627880183a59b1eb.jpg?v=1778515578|https://www.fashionphile.com/cdn/shop/files/4a6d101ebe2a8666e9b9d1414ef501e0.jpg?v=1778515577|https://www.fashionphile.com/cdn/shop/files/d9c661b2e27741210e0727f2650707a5.jpg?v=1778515577|https://www.fashionphile.com/cdn/shop/files/9632d4176d11d059c3a162b6293b8c7d.jpg?v=1778515578|https://www.fashionphile.com/cdn/shop/files/55a5fcfd5a1dc04e1a8dcb4ee2f02740.jpg?v=1778515577|https://www.fashionphile.com/cdn/shop/files/31acd37b92a94e507acdc62d76370b73.jpg?v=1778515577|,,N
L084,Fashionphile,https://www.fashionphile.com/products/chanel-shiny-caviar-mini-preppy-coco-shoulder-bag-rose-1909261,2026-09-18,handbag,"Chanel
Shiny Caviar Mini Preppy Coco Shoulder Bag Rose","Hardware: Protective plastic sticker(s) intact

Comes With: FASHIONPHILE Certificate of Authenticity, box, dust bag

This is an authentic CHANEL Shiny Caviar Mini Preppy Coco Shoulder Bag in Rose. This stunning shoulder bag is crafted of caviar leather in pink. The bag features matching tall leather shoulder straps and a facing Chanel CC logo on the front flap. This opens to reveal a matte pink leather interior with a red patch pocket.
",,,"5,295.00",Giftable,,https://www.fashionphile.com/cdn/shop/files/855f994808a829d59b6b6e4ec893778b.jpg?v=1781879115|https://www.fashionphile.com/cdn/shop/files/1089635f583ed4acb5c6e4977a6d589c.jpg?v=1781879115|https://www.fashionphile.com/cdn/shop/files/79b8c3d6e8ea28713e31cfa8aedcf8af.jpg?v=1781879115|https://www.fashionphile.com/cdn/shop/files/a95d6743554c1c3759d955258cc850e5.jpg?v=1781879115|https://www.fashionphile.com/cdn/shop/files/5b2a20479c001c9ac193e0862b467b10.jpg?v=1781879115|https://www.fashionphile.com/cdn/shop/files/791d165ca4297ac9d2b67c5fa9d6014c.jpg?v=1781879115|https://www.fashionphile.com/cdn/shop/files/0ded262c829d2f48b5e6b0392cafc4ac.jpg?v=1781879115|https://www.fashionphile.com/cdn/shop/files/6c489a968a92f1049b65b1dafd99896b.jpg?v=1781879115|https://www.fashionphile.com/cdn/shop/files/7b3e6c2e42632fb110b2c521b6dc0667.jpg?v=1781879115,fashionphile's tiers for handbags are: giftable to new to excellent to very good to good,N
L085,Fashionphile,https://www.fashionphile.com/products/gucci-gilbert-calfskin-gg-super-mini-shoulder-bag-black-1969872,2026-09-18,handbag,"Gucci
Gilbert Calfskin GG Super Mini Shoulder Bag Black","Handle: Creases, marks, tear, cracks
Exterior: Faint scuffs
Hardware: Scratch(es)
Interior: Scuffs, surface wear, marks

Comes With: FASHIONPHILE Certificate of Authenticity, dust bag

This is an authentic GUCCI Gilbert Calfskin GG Super Mini Shoulder Bag in Black. This handbag is made of jumbo GG embossed black calfskin leather. This bag features an adjustable shoulder strap with light gold hardware. The bag opens to a black fabric interior with a patch pocket.
",,,750.00,Good,,,,N
L086,Fashionphile,https://www.fashionphile.com/products/louis-vuitton-monogram-odeon-pm-black-1948581,2026-09-22,handbag,"Louis Vuitton
Monogram Odeon PM Black","Exterior: Marks
Interior: Marks
Hardware: Scratch(es), tarnished, plating wear
Handle: Wear at resin glazing, sizing marks

Comes With: FASHIONPHILE Certificate of Authenticity, dust bag

Year: 2020

This is an authentic LOUIS VUITTON Monogram Odeon PM in Black. This stylish bag is crafted of signature Louis Vuitton monogram coated canvas with black leather trim. The bag features an adjustable shoulder strap with brass hardware and a flat front pocket for extra storage. The top zipper opens to a black fabric interior with a patch pocket.","2,100.00",,"1,895.00",Very Good,,https://www.fashionphile.com/cdn/shop/files/5e8f2f74713f2823e055679fa2df300d.jpg?v=1786041004|https://www.fashionphile.com/cdn/shop/files/4899d56d08d1c0b036e15849c84b0ff9.jpg?v=1786041004|https://www.fashionphile.com/cdn/shop/files/145234e1784273a5d8ff08e95349cf58.jpg?v=1786041004|https://www.fashionphile.com/cdn/shop/files/5c5af389d3c501fc7172373e55f62522.jpg?v=1786041004|https://www.fashionphile.com/cdn/shop/files/ca84601377f463886cc2a8bd6610e78e.jpg?v=1786041004|https://www.fashionphile.com/cdn/shop/files/ce21dc23c047149f674cc2e759431fc4.jpg?v=1786041004|https://www.fashionphile.com/cdn/shop/files/286b56aa2ae8c43cbc2d2150600c0759.jpg?v=1786041004|https://www.fashionphile.com/cdn/shop/files/4820ac6fbeed151e132850e7987c9535.jpg?v=1786041004|https://www.fashionphile.com/cdn/shop/files/a27f9746eaf48f7aa83b15dd0095a746.jpg?v=1786041004|https://www.fashionphile.com/cdn/shop/files/f4123cc5ac877f38e49ddf019cd6c003.jpg?v=1786041004|,,N
L087,Fashionphile,https://www.fashionphile.com/products/celine-shiny-calfskin-mini-chain-claude-burgundy-1882209,2026-09-22,handbag,"Celine
Shiny Calfskin Mini Chain Claude Burgundy","Exterior: Creases, faint scuffs
Interior: Marks, imprints
Hardware: Scratch(es)

Comes With: FASHIONPHILE Certificate of Authenticity, dust bag

Year: 2024

This is an authentic CELINE Shiny Calfskin Mini Chain Claude in Burgundy. This chic shoulder bag is crafted of calfskin leather in burgundy. The bag features a gold link chain shoulder strap, gold hardware, and a gold Triomphe snap lock. This opens to a burgundy leather interior with a patch pocket.","1,750.00",,"1,495.00",Excellent,,https://www.fashionphile.com/cdn/shop/files/ad974c5a9fa6ce21bb044a57749c45a7.jpg?v=1778960160|https://www.fashionphile.com/cdn/shop/files/0e73eb838d4c41d22907d0f2a890e7fc.jpg?v=1778960162|https://www.fashionphile.com/cdn/shop/files/0cddbf853991cc04765d5e4168c7e0dc.jpg?v=1778960357|https://www.fashionphile.com/cdn/shop/files/38a7edbbc0b17f31963bcdbfb2f36b71_c1c7de04-a789-4620-8057-a52f0dcbfe27.jpg?v=1778960242|https://www.fashionphile.com/cdn/shop/files/60f5513620e172ab5445914a79628029.jpg?v=1778960161|https://www.fashionphile.com/cdn/shop/files/85e225921b2e2d3e275a21b054e915c1.jpg?v=1778960236|https://www.fashionphile.com/cdn/shop/files/513fec2731dcbc17870795b7e0c5dedf.jpg?v=1778960169|https://www.fashionphile.com/cdn/shop/files/92f23951341776acafd5aa86020545da.jpg?v=1778960171|https://www.fashionphile.com/cdn/shop/files/d1103c6dfd9406d84676ddc4fe26059e.jpg?v=1778960161|https://www.fashionphile.com/cdn/shop/files/65ca7afc987d2c6ab6b0300a387ebc1e.jpg?v=1778960164,,N
L088,Fashionphile,https://www.fashionphile.com/products/chanel-strass-crystal-studded-pearl-cc-choker-necklace-gold-pearly-white-1976820,2026-09-22,jewelry,"Chanel
Strass Crystal Studded Pearl CC Choker Necklace Gold Pearly White","Hardware: Scratch(es)
Comes With: FASHIONPHILE Certificate of Authenticity, box, pouch

Year: 2022

This is an authentic CHANEL Strass Crystal Studded Pearl CC Choker Necklace in Gold and Pearly White. This stunning choker necklace is crafted in a gold tone and features gold chocker with faux pearl studs and a crystal CC logo at the center.",,,"1,325.00",Excellent,,https://www.fashionphile.com/cdn/shop/files/2e491114e083cda2fd7924ea67fadc59.jpg?v=1790099688|https://www.fashionphile.com/cdn/shop/files/57ea499987fe609788c586d311233f41.jpg?v=1790099688|https://www.fashionphile.com/cdn/shop/files/8c7427514d9263f190e6b2faaf990b3a.jpg?v=1790099688|https://www.fashionphile.com/cdn/shop/files/5f509a3fbfa7ddd50877a71011964b78.jpg?v=1790099688|https://www.fashionphile.com/cdn/shop/files/e51e58eb35de7977499ac7e97f96122e.jpg?v=1790099688,,N
L089,Fashionphile,https://www.fashionphile.com/products/van-cleef-arpels-18k-yellow-gold-diamond-carnelian-vintage-alhambra-ring-52-6-1973120,2026-09-22,jewelry,"Van Cleef & Arpels
18K Yellow Gold Diamond Carnelian Vintage Alhambra Ring 52 6","Hardware: Scratch(es)

Comes With: FASHIONPHILE Certificate of Authenticity, case

This is an authentic VAN CLEEF & ARPELS 18K Yellow Gold Carnelian Diamond Vintage Alhambra Ring size 52 or 6. This ring is crafted of 18 karat yellow gold and features a red clover shaped carnelian with a central diamond accent, weighing approximately .05 carat.","4,400.00",,"3,395.00",Very Good,,https://www.fashionphile.com/cdn/shop/files/adcd034291891666067f0c2c705f1c6c.jpg?v=1790094696|https://www.fashionphile.com/cdn/shop/files/40ae9d0b5183a938d845a45e937ee028.jpg?v=1790094696|https://www.fashionphile.com/cdn/shop/files/a4ed0d517749863659a6f61da8bbd5da.jpg?v=1790094696|https://www.fashionphile.com/cdn/shop/files/87324d3cfb75cabbeabff6648ee143a8.jpg?v=1790094696|https://www.fashionphile.com/cdn/shop/files/17491e038ce8167863713b9313b5702a.jpg?v=1790094696,,N
L090,ThredUp,https://www.thredup.com/product/women-wool-lauren-by-ralph-lauren-gray-wool-skirt/236785917?query_id=1215488416306462720&result_id=1215488416964968448,2026-09-22,clothing,"Lauren by Ralph Lauren
Size 12
Wool Skirt","Item details
#236785917
Condition
very good
No major flaws. Inspection shows: minor wear on fabric.
75% wool, 25% polyamide
Gray, midi-calf length
Size & fit
Size 12
Measured at 32.5"" length, 28.5"" waist (approx.) ",,,49.99,Very Good,,https://cf-assets-thredup.thredup.com/assets/968688479/retina.jpg|https://cf-assets-thredup.thredup.com/assets/968688561/retina.jpg|https://cf-assets-thredup.thredup.com/assets/968447122/retina.jpg,"Very Good
This item shows no major flaws. There may be light fading or pilling in areas such as the knees, seams, and hems. Hardware may also have light scratches. = thredup's own description",N
L091,ThredUp,https://www.thredup.com/product/women-wool-vince-black-wool-pullover-sweater/234563548,2026-09-22,clothing,"Vince.
Size M
Wool pullover sweater","Item details
#234563548
Condition
very good
No major flaws. Inspection shows: minor wear on fabric.
70% wool, 30% cashmere
Long sleeve, v-neck, black
Size & fit
Size M
Measured at 26.25"" length (approx.)",468.00,,103.99,Very Good,,https://cf-assets-thredup.thredup.com/assets/955308042/retina.jpg|https://cf-assets-thredup.thredup.com/assets/955308068/retina.jpg|https://cf-assets-thredup.thredup.com/assets/955308148/retina.jpg|https://cf-assets-thredup.thredup.com/assets/955308111/retina.jpg|https://cf-assets-thredup.thredup.com/assets/955199345/retina.jpg|https://cf-assets-thredup.thredup.com/assets/955199347/retina.jpg|https://cf-assets-thredup.thredup.com/assets/968752323/retina.jpg ,,N
L092,ThredUp,https://www.thredup.com/product/women-cotton-vocal-black-vest/236757232,2026-09-22,clothing,"Vocal
Size L
Vest","Item details
#236757232
Condition
flawed gem
Still has life left in it, but has visible flaws that may require repair. May be from a best-selling brand that is eligible for resale due to high demand. Inspection shows: light to moderate fading or discoloration.
100% cotton
Black",64.00,,21.99,Flawed Gem,,https://cf-assets-thredup.thredup.com/assets/968918972/retina.jpg|https://cf-assets-thredup.thredup.com/assets/968919028/retina.jpg|https://cf-assets-thredup.thredup.com/assets/968919132/retina.jpg|https://cf-assets-thredup.thredup.com/assets/968919080/retina.jpg|https://cf-assets-thredup.thredup.com/assets/968288793/retina.jpg|https://cf-assets-thredup.thredup.com/assets/968288794/retina.jpg,"per thredup's own definition = Flawed Gem
This item has visible flaws that may require repair but still has life left in it. It may also be from a best-selling brand and eligible for resale due to high demand.",N
L093,ThredUp,https://www.thredup.com/product/women-cotton-lauren-by-ralph-lauren-tan-khakis/236401591,2026-09-22,clothing,"Lauren By Ralph Lauren Khakis
Lauren by Ralph Lauren
Size 6
Khakis","Item details
#236401591
Condition
flawed gem
Still has life left in it, but has visible flaws that may require repair. May be from a best-selling brand that is eligible for resale due to high demand. Inspection shows: light to moderate fading or discoloration.
100% cotton
Chinos-khaki, tan, work, boyfriend, high rise waist
Size & fit
Size 6 
Measured at 29.75"" inseam, 25"" waist, 10.75"" rise (approx.)",135.00,,39.99,Flawed Gem,,https://cf-assets-thredup.thredup.com/assets/966464073/retina.jpg|https://cf-assets-thredup.thredup.com/assets/966464185/retina.jpg|https://cf-assets-thredup.thredup.com/assets/966464367/retina.jpg|https://cf-assets-thredup.thredup.com/assets/966464270/retina.jpg|https://cf-assets-thredup.thredup.com/assets/966157982/retina.jpg,"per thredup's own definition = Flawed Gem
This item has visible flaws that may require repair but still has life left in it. It may also be from a best-selling brand and eligible for resale due to high demand.",N
L094,ThredUp,https://www.thredup.com/product/women-silk-veronica-beard-purple-sleeveless-silk-top/233366838,2026-09-22,clothing,"Veronica Beard
Size 0
Sleeveless silk top","Item details
#233366838
Condition
excellent
Practically new: shows no obvious signs of being worn or washed.
53% silk, 47% viscose
Sleeveless, strapless, purple
Size & fit
Size 0
Measured at 21.25"" length (approx.",375.00,,105.99,Excellent,,https://cf-assets-thredup.thredup.com/assets/948055723/retina.jpg|https://cf-assets-thredup.thredup.com/assets/948055749/retina.jpg|https://cf-assets-thredup.thredup.com/assets/948055803/retina.jpg|https://cf-assets-thredup.thredup.com/assets/948055778/retina.jpg|https://cf-assets-thredup.thredup.com/assets/948004809/retina.jpg|https://cf-assets-thredup.thredup.com/assets/948004811/retina.jpg|,"Excellent @ thredup =
This item is practically new! It shows no obvious signs of being worn or washed.

",N
L095,ThredUp,https://www.thredup.com/product/women-riani-ivory-short-sleeve-blouse/235875887,2026-09-22,clothing,"Riani
Size 6
Short sleeve blouse","Item details
#235875887
Condition
good
Worn but still in good condition. Inspection shows: minor stain
Material unknown
Short sleeve, ruffles, ruffle accents, ivory
Size & fit
Size 6 Size guide
Measured at 25"" length (approx.)",229.00,,72.99,Good,,https://cf-assets-thredup.thredup.com/assets/963520551/retina.jpg|https://cf-assets-thredup.thredup.com/assets/963520603/retina.jpg|https://cf-assets-thredup.thredup.com/assets/963520732/retina.jpg|https://cf-assets-thredup.thredup.com/assets/963520655/retina.jpg|https://cf-assets-thredup.thredup.com/assets/963053483/retina.jpg,"Good @ thredup = This item has been worn but is still in good condition. There may be minor signs of wear such as small holes (maximum two), light pilling, fading, or stains.

",N
L096,ThredUp,https://www.thredup.com/product/women-leather-tory-burch-black-heels/233216592,2026-09-22,shoes,"Tory Burch
Size 10
Heels","Condition
good
Worn but still in good condition. Inspection shows: scratches or scuffs.

Item details
#233216592
100% leather
Loafers, black, size 10 m, medium width
Size & fit
Size 10 
Measured at 2.25"" heel height (approx.) ",316.00,,142.99,Good,,https://cf-assets-thredup.thredup.com/assets/947584056/retina.jpg|https://cf-assets-thredup.thredup.com/assets/947583974/retina.jpg,only 2 images for this item -- seems low,N
L097,ThredUp,https://www.thredup.com/product/women-totme-black-muleclog/235095245,2026-09-22,shoes,"Totême
Size EU 41
Mule/clog","Condition
excellent
Practically new: shows no obvious signs of being worn or washed. 

Item details
#235095245
Material unknown
Espadrille, black
Size & fit
Size EU 41 ",420.00,,248.99,Excellent,,https://cf-assets-thredup.thredup.com/assets/965807000/retina.jpg|https://cf-assets-thredup.thredup.com/assets/965807059/retina.jpg|https://cf-assets-thredup.thredup.com/assets/965537003/retina.jpg|https://cf-assets-thredup.thredup.com/assets/965537028/retina.jpg|https://cf-assets-thredup.thredup.com/assets/965536969/retina.jpg|https://cf-assets-thredup.thredup.com/assets/965536950/retina.jpg|https://cf-assets-thredup.thredup.com/assets/965537107/retina.jpg|https://cf-assets-thredup.thredup.com/assets/965536598/retina.jpg,,N
L098,ThredUp,https://www.thredup.com/product/women-dr-martens-burgundy-flats/235828855,2026-09-22,shoes,"Dr. Martens Flats
Dr. Martens
Size 6
Flats","Condition
good
Worn but still in good condition. Inspection shows: minor wear. 
Item details
#235828855
Material unknown
Burgundy
Size & fit
Size 6 ",127.00,,67.99,Good,,https://cf-assets-thredup.thredup.com/assets/951431510/retina.jpg|https://cf-assets-thredup.thredup.com/assets/951431461/retina.jpg,"maybe if a shoe is only ""good"" they only post 2 photos to save on processing costs",N
L099,ThredUp,https://www.thredup.com/product/women-leather-see-by-chlo-burgundy-ankle-boots/227697297?query_id=1215493721606111232&result_id=1215493722839236608,2026-09-22,shoes,"See By Chloé
Size EU 35
Ankle boots","Condition
excellent
Practically new: shows no obvious signs of being worn or washed. 

Item details
#227697297
100% leather
Cowboy boots, burgundy, boho
Size & fit
Size EU 35 Size guide
Measured at 2.5"" heel height (approx.)",423.00,,90.99,Excellent,,https://cf-assets-thredup.thredup.com/assets/914441350/retina.jpg|https://cf-assets-thredup.thredup.com/assets/914441245/retina.jpg,"nevermind, 2 image theory debunked",N
L100,ThredUp,https://www.thredup.com/product/women-leather-herms-black-hermes-hermes-bangle-bracelet-metal-leather-gold-black-womens-e62136b/1501804205?query_id=1215494349082386432&result_id=1215494349426319360,2026-09-22,jewelry,"Hermès
One size
Hermes hermes bangle bracelet metal leather gold black women's e62136b","Condition
very good
No major flaws. Inspection shows: overall scratches: slight, overall dirt: slight, overall traces of use: slight, notice: before purchasing, please refer to the images for the exact condition of the item., damage: outside: peelings - slight. 

Item details
#1501804205
50% Leather, 50% Metal
Black
Length: 6.10""
Size & fit
One size",,,509.99,Very Good,,https://tup-images.thredup.com/assets/1522280806/retina.jpg|https://tup-images.thredup.com/assets/1522280807/retina.jpg|https://tup-images.thredup.com/assets/1522280808/retina.jpg|https://tup-images.thredup.com/assets/1522280809/retina.jpg|https://tup-images.thredup.com/assets/1522280810/retina.jpg|https://tup-images.thredup.com/assets/1522280811/retina.jpg|https://tup-images.thredup.com/assets/1522280812/retina.jpg|https://tup-images.thredup.com/assets/1522280813/retina.jpg|https://tup-images.thredup.com/assets/1522280814/retina.jpg|https://tup-images.thredup.com/assets/1522280815/retina.jpg,,N
L101,ThredUp,https://www.thredup.com/product/women-rachel-gilbert-silver-toned-womens-tatum-collar-necklace-in-silver/1501703378?query_id=1215494349082386432&result_id=1215494951019601920,2026-09-22,jewelry,"Rachel Gilbert
One size
Women's tatum collar necklace in silver","Condition
excellent
Practically new: shows no obvious signs of being worn or washed. 

Original tags attached

Item details
#1501703378
Silver toned
Layer this necklace or wear it on its own. Either way it's a win-win. Elevate your ensemble with the Women's Tatum Collar Necklace by Rachel Gilbert, a striking piece that offers statement appeal. Crafted from silver-plated brass, this chunky necklace showcases a bold collar shape. Designed to make a statement, it's an essential addition to any fashion jewelry collection. Available in one size, it's perfect for a versatile yet chic look.
Size & fit
One size",550.00,,"3,820.99",Excellent,,https://tup-images.thredup.com/assets/1521591325/retina.jpg|https://tup-images.thredup.com/assets/1521591329/retina.jpg,"has a ""Tags attached"" tabel on this listing meaning comes with tags in tact",N
L102,Vestiaire Collective,https://us.vestiairecollective.com/women-bags/handbags/the-row/black-leather-the-row-handbag-71350004.shtml,2026-09-22,handbag,The Row leather handbag,"Description
The Row Black Leather Bourse Bag. Ultra-soft leather, lightweight, and versatile for everyday wear. Very good condition, clean interior and exterior. A timeless luxury staple.

Details
Online since:2026-09-22
Categories :Women
Category:Bags
Sub-category:Handbags
Designer:The Row
Condition:Very good condition
Material:Leather
Color:Black
Location:United States, from the seller Yomogi
Reference:71350004
Measurements
Width:8.7 in
Height:5.9 in
Depth:2.4 in",,,"1,487.00",Very Good,Expert Seller,"https://images.vestiairecollective.com/images/resized/w=2920,q=75,f=auto,/produit/black-leather-the-row-handbag-71350004-1_2.jpg|https://images.vestiairecollective.com/images/resized/w=2920,q=75,f=auto,/produit/black-leather-the-row-handbag-71350004-2_2.jpg|https://images.vestiairecollective.com/images/resized/w=1024,q=75,f=auto,/produit/black-leather-the-row-handbag-71350004-3_2.jpg|https://images.vestiairecollective.com/images/resized/w=1024,q=75,f=auto,/produit/black-leather-the-row-handbag-71350004-4_2.jpg|https://images.vestiairecollective.com/images/resized/w=1024,q=75,f=auto,/produit/black-leather-the-row-handbag-71350004-5_2.jpg|https://images.vestiairecollective.com/images/resized/w=1024,q=75,f=auto,/produit/black-leather-the-row-handbag-71350004-6_2.jpg|https://images.vestiairecollective.com/images/resized/w=1024,q=75,f=auto,/produit/black-leather-the-row-handbag-71350004-7_2.jpg|https://images.vestiairecollective.com/images/resized/w=1024,q=75,f=auto,/produit/black-leather-the-row-handbag-71350004-8_2.jpg",,N
L103,Vestiaire Collective,https://us.vestiairecollective.com/women-bags/handbags/polene/brown-leather-polene-handbag-71353134.shtml,2026-09-22,handbag,Polene Leather handbag,"Description
Poelle Cecilie Bag in brown leather shoulder tote with a sleek rectangular silhouette. Comes with dust bag
Materials:
• 100% premium-quality natural calfskin with high durability
• Interior: eco-leather lining — dense, retains its shape, abrasion-resistant, and easy to care for
• Premium gold-plated metal hardware — made from high-precision alloys, resistant to deformation, oxidation, and loss of luster
Dimensions: 5.5"" × 13"" × 3.5""
(14cm x 33cm x 9cm)
Handle height: 10.6"" (27cm)

Details
Online since:2026-09-21
Categories :Women
Category:Bags
Sub-category:Handbags
Designer:Polene
Condition:Never worn
Material:Leather
Color:Brown
Location:United States, from the seller Chloé
Reference:71353134
Measurements
Width:13 in
Height:5.8 in
Depth:3.5 in",,,403.00,Never Worn,,"https://images.vestiairecollective.com/images/resized/w=1024,q=75,f=auto,/produit/brown-leather-polene-handbag-71353134-1_2.jpg|https://images.vestiairecollective.com/images/resized/w=1024,q=75,f=auto,/produit/brown-leather-polene-handbag-71353134-3_2.jpg|https://images.vestiairecollective.com/images/resized/w=1024,q=75,f=auto,/produit/brown-leather-polene-handbag-71353134-4_2.jpg|https://images.vestiairecollective.com/images/resized/w=1024,q=75,f=auto,/produit/brown-leather-polene-handbag-71353134-5_2.jpg|https://images.vestiairecollective.com/images/resized/w=1024,q=75,f=auto,/produit/brown-leather-polene-handbag-71353134-6_2.jpg|https://images.vestiairecollective.com/images/resized/w=1024,q=75,f=auto,/produit/brown-leather-polene-handbag-71353134-7_2.jpg|https://images.vestiairecollective.com/images/resized/w=1024,q=75,f=auto,/produit/brown-leather-polene-handbag-71353134-8_2.jpg|https://images.vestiairecollective.com/images/resized/w=1024,q=75,f=auto,/produit/brown-leather-polene-handbag-71353134-9_2.jpg",,N
L104,Vestiaire Collective,https://us.vestiairecollective.com/women-bags/handbags/balenciaga/blue-cloth-souvenir-xs-balenciaga-handbag-71348521.shtml,2026-09-22,handbag,Balenciaga Souvenir XS cloth handbag,"Description
BALENCIAGA GREEN & BLUE PLAID SMALL BELT/SHOULDER BAG
SIZE
Small

MATERIAL
Wool, leather

DETAILS
Retails for $1050
From the fall/winter 2020 collection by Demna Gvasalia
Gold-tone hardware
Leather trim
Adjustable waist strap
Leather back & lining
Single interior pocket
Rear zipper pocket
Zip closure at front
Made in Italy
AK-625-WH

MEASUREMENTS
Height: 7 in.
Width: 11 in.
Depth: 4 in.
Handle drop: 9 in.

CONDITION

Great condition!

Some light scratches to leather back

Comes with n/a (Does not come with charms or keychain)


Details
Online since:2026-09-21
Categories :Women
Category:Bags
Sub-category:Handbags
Designer:Balenciaga
Model:Souvenir XS
Condition:Very good condition
Material:Cloth
Color:Blue
Location:United States, from the seller GiftofGarb
Reference:71348521
Measurements
Width:1 in
Height:1 in
Depth:1 in",,,303.00,Very Good,,"https://images.vestiairecollective.com/images/resized/w=1024,q=75,f=auto,/produit/blue-cloth-souvenir-xs-balenciaga-handbag-71348521-1_2.jpg|https://images.vestiairecollective.com/images/resized/w=1024,q=75,f=auto,/produit/blue-cloth-souvenir-xs-balenciaga-handbag-71348521-2_2.jpg|https://images.vestiairecollective.com/images/resized/w=1024,q=75,f=auto,/produit/blue-cloth-souvenir-xs-balenciaga-handbag-71348521-3_2.jpg|https://images.vestiairecollective.com/images/resized/w=1024,q=75,f=auto,/produit/blue-cloth-souvenir-xs-balenciaga-handbag-71348521-4_2.jpg|https://images.vestiairecollective.com/images/resized/w=1024,q=75,f=auto,/produit/blue-cloth-souvenir-xs-balenciaga-handbag-71348521-5_2.jpg|https://images.vestiairecollective.com/images/resized/w=1024,q=75,f=auto,/produit/blue-cloth-souvenir-xs-balenciaga-handbag-71348521-6_2.jpg|https://images.vestiairecollective.com/images/resized/w=1024,q=75,f=auto,/produit/blue-cloth-souvenir-xs-balenciaga-handbag-71348521-7_2.jpg",,N
L105,Vestiaire Collective,https://us.vestiairecollective.com/women-bags/handbags/louis-vuitton/brown-leather-sistina-louis-vuitton-handbag-71352840.shtml,2026-09-22,handbag,Louis Vuitton Sistina leather handbag,"Description
Louis Vuitton Shoulder Bag Sistina GM in Brown Damier Ebene and Golden Brass hardware. Ink stain in one inside pocket.

Details
Online since:2026-09-22
Categories :Women
Category:Bags
Sub-category:Handbags
Designer:Louis Vuitton
Model:Sistina
Condition:Very good conditionMore info
Material:Leather
Color:Brown
Location:United States, from the seller Agnes
Reference:71352840
Measurements
Width:8 in
Height:14 in
Depth:6 in
Sold with
Dust bag",,"1,264.00",543.00,Very Good,Fashion Activist,"https://images.vestiairecollective.com/images/resized/w=1024,q=75,f=auto,/produit/brown-leather-sistina-louis-vuitton-handbag-71352840-1_3.jpg|https://images.vestiairecollective.com/images/resized/w=1024,q=75,f=auto,/produit/brown-leather-sistina-louis-vuitton-handbag-71352840-2_3.jpg|https://images.vestiairecollective.com/images/resized/w=1024,q=75,f=auto,/produit/brown-leather-sistina-louis-vuitton-handbag-71352840-3_3.jpg|https://images.vestiairecollective.com/images/resized/w=1024,q=75,f=auto,/produit/brown-leather-sistina-louis-vuitton-handbag-71352840-4_3.jpg|https://images.vestiairecollective.com/images/resized/w=1024,q=75,f=auto,/produit/brown-leather-sistina-louis-vuitton-handbag-71352840-5_3.jpg|https://images.vestiairecollective.com/images/resized/w=1024,q=75,f=auto,/produit/brown-leather-sistina-louis-vuitton-handbag-71352840-6_3.jpg|https://images.vestiairecollective.com/images/resized/w=1024,q=75,f=auto,/produit/brown-leather-sistina-louis-vuitton-handbag-71352840-7_3.jpg|https://images.vestiairecollective.com/images/resized/w=1024,q=75,f=auto,/produit/brown-leather-sistina-louis-vuitton-handbag-71352840-8_3.jpg|https://images.vestiairecollective.com/images/resized/w=1024,q=75,f=auto,/produit/brown-leather-sistina-louis-vuitton-handbag-71352840-9_3.jpg|https://images.vestiairecollective.com/images/resized/w=1024,q=75,f=auto,/produit/brown-leather-sistina-louis-vuitton-handbag-71352840-10_3.jpg|https://images.vestiairecollective.com/images/resized/w=1024,q=75,f=auto,/produit/brown-leather-sistina-louis-vuitton-handbag-71352840-11_3.jpg|https://images.vestiairecollective.com/images/resized/w=1024,q=75,f=auto,/produit/brown-leather-sistina-louis-vuitton-handbag-71352840-12_3.jpg",,N
L106,Vestiaire Collective,https://us.vestiairecollective.com/women-bags/handbags/saint-laurent/burgundy-leather-sac-de-jour-saint-laurent-handbag-71346776.shtml,2026-09-22,handbag,Saint Laurent Sac de Jour leather handbag,"Description
Burgundy Saint Laurent Sac de Jour handbag for women. Crafted from leather. Good condition.

Dimensions: 18 x 22 x 10.5 cm.

Details
Online since:2026-09-21
Categories :Women
Category:Bags
Sub-category:Handbags
Designer:Saint Laurent
Model:Sac de Jour
Condition:Good conditionMore info
Material:Leather
Color:Burgundy
Location:United States, from the seller Michelle
Reference:71346776
Measurements
Width:8.66 in
Height:7.09 in
Depth:4.13 in",,,489.00,Good,Fashion Activist,"https://images.vestiairecollective.com/images/resized/w=1024,q=75,f=auto,/produit/burgundy-leather-sac-de-jour-saint-laurent-handbag-71346776-1_2.jpg|https://images.vestiairecollective.com/images/resized/w=1024,q=75,f=auto,/produit/burgundy-leather-sac-de-jour-saint-laurent-handbag-71346776-2_2.jpg|https://images.vestiairecollective.com/images/resized/w=1024,q=75,f=auto,/produit/burgundy-leather-sac-de-jour-saint-laurent-handbag-71346776-3_2.jpg|https://images.vestiairecollective.com/images/resized/w=1024,q=75,f=auto,/produit/burgundy-leather-sac-de-jour-saint-laurent-handbag-71346776-5_2.jpg|https://images.vestiairecollective.com/images/resized/w=1024,q=75,f=auto,/produit/burgundy-leather-sac-de-jour-saint-laurent-handbag-71346776-6_2.jpg|https://images.vestiairecollective.com/images/resized/w=1024,q=75,f=auto,/produit/burgundy-leather-sac-de-jour-saint-laurent-handbag-71346776-7_2.jpg|https://images.vestiairecollective.com/images/resized/w=1024,q=75,f=auto,/produit/burgundy-leather-sac-de-jour-saint-laurent-handbag-71346776-8_2.jpg|https://images.vestiairecollective.com/images/resized/w=1024,q=75,f=auto,/produit/burgundy-leather-sac-de-jour-saint-laurent-handbag-71346776-9_2.jpg|https://images.vestiairecollective.com/images/resized/w=1024,q=75,f=auto,/produit/burgundy-leather-sac-de-jour-saint-laurent-handbag-71346776-10_2.jpg",,N
L107,Vestiaire Collective,https://us.vestiairecollective.com/women-clothing/dresses/rat-boa/orange-viscose-rat-boa-dress-71398821.shtml,2026-09-22,clothing,Rat & Boa maxi dress,"Description
Rat & Boa maxi dress for women in orange. Very good condition.

Size 6 US.
missing size tags 
Sold out!

Details
Online since:2026-09-21
Categories :Women
Category:Clothing
Sub-category:Dresses
Designer:Rat & Boa
Condition:Very good conditionMore info
Material:Viscose
Color:Orange
Size:6 USsizing guide
Location:United States, from the seller candy ross
Reference:71398821",,,322.00,Very Good,,"https://images.vestiairecollective.com/images/resized/w=1024,q=75,f=auto,/produit/orange-viscose-rat-boa-dress-71398821-1_2.jpg|https://images.vestiairecollective.com/images/resized/w=1024,q=75,f=auto,/produit/orange-viscose-rat-boa-dress-71398821-2_2.jpg|https://images.vestiairecollective.com/images/resized/w=1024,q=75,f=auto,/produit/orange-viscose-rat-boa-dress-71398821-3_2.jpg",,N
L108,Vestiaire Collective,https://us.vestiairecollective.com/women-clothing/knitwear/prada/yellow-cashmere-prada-knitwear-71380013.shtml,2026-09-22,clothing,Prada Cashmere Jumper,"Description
Prada Yellow Cashmere Crewneck.
Size: 40 IT.
Made in Italy.
Comes with Original tag.

Details
Online since:2026-09-21
Categories :Women
Category:Clothing
Sub-category:Knitwear
Designer:Prada
Condition:Never worn, with tagMore info
Material:Cashmere
Color:Yellow
Size:40 ITsizing guide
Location:Vestiaire Collective United States
Reference:71380013",,,455.00,"Never worn, with tag",Expert Seller,"https://images.vestiairecollective.com/images/resized/w=1024,q=75,f=auto,/produit/yellow-cashmere-prada-knitwear-71380013-1_1.jpg|https://images.vestiairecollective.com/images/resized/w=1024,q=75,f=auto,/produit/yellow-cashmere-prada-knitwear-71380013-2_1.jpg|https://images.vestiairecollective.com/images/resized/w=1024,q=75,f=auto,/produit/yellow-cashmere-prada-knitwear-71380013-3_1.jpg|https://images.vestiairecollective.com/images/resized/w=1024,q=75,f=auto,/produit/yellow-cashmere-prada-knitwear-71380013-4_1.jpg|https://images.vestiairecollective.com/images/resized/w=1024,q=75,f=auto,/produit/yellow-cashmere-prada-knitwear-71380013-5_1.jpg|https://images.vestiairecollective.com/images/resized/w=1024,q=75,f=auto,/produit/yellow-cashmere-prada-knitwear-71380013-6_1.jpg|https://images.vestiairecollective.com/images/resized/w=1024,q=75,f=auto,/produit/yellow-cashmere-prada-knitwear-71380013-7_1.jpg|https://images.vestiairecollective.com/images/resized/w=1024,q=75,f=auto,/produit/yellow-cashmere-prada-knitwear-71380013-8_1.jpg|https://images.vestiairecollective.com/images/resized/w=1024,q=75,f=auto,/produit/yellow-cashmere-prada-knitwear-71380013-9_1.jpg",,N
L109,Vestiaire Collective,https://us.vestiairecollective.com/women-clothing/skirts/toteme/white-cashmere-ardenza-toteme-skirt-71308769.shtml,2026-09-22,clothing,Toteme Ardenza cashmere maxi skirt,"Description
NWT Toteme Long Knit Cashmere Lyocell Waistband Column Midi Maxi Skirt White

New with tags! Originally $500.

TOTEME skirt finely knitted as a nod to the collection's play on transparency. It has a long, straight silhouette suspended from a wide elastic waistband that can be adjusted at the hips.


Details
Online since:2026-09-19
Categories :Women
Category:Clothing
Sub-category:Skirts
Designer:Toteme
Model:Ardenza
Condition:Never worn, with tagMore info
Material:Cashmere
Color:White
Size:L Internationalsizing guide
Location:United States, from the seller LK
Reference:71308769",,,432.00,"Never worn, with tag",,"https://images.vestiairecollective.com/images/resized/w=1024,q=75,f=auto,/produit/white-cashmere-ardenza-toteme-skirt-71308769-1_2.jpg|https://images.vestiairecollective.com/images/resized/w=1024,q=75,f=auto,/produit/white-cashmere-ardenza-toteme-skirt-71308769-2_2.jpg|https://images.vestiairecollective.com/images/resized/w=1024,q=75,f=auto,/produit/white-cashmere-ardenza-toteme-skirt-71308769-3_2.jpg|https://images.vestiairecollective.com/images/resized/w=1024,q=75,f=auto,/produit/white-cashmere-ardenza-toteme-skirt-71308769-4_2.jpg|https://images.vestiairecollective.com/images/resized/w=1024,q=75,f=auto,/produit/white-cashmere-ardenza-toteme-skirt-71308769-5_2.jpg|https://images.vestiairecollective.com/images/resized/w=1024,q=75,f=auto,/produit/white-cashmere-ardenza-toteme-skirt-71308769-6_2.jpg|https://images.vestiairecollective.com/images/resized/w=1024,q=75,f=auto,/produit/white-cashmere-ardenza-toteme-skirt-71308769-7_2.jpg|https://images.vestiairecollective.com/images/resized/w=1024,q=75,f=auto,/produit/white-cashmere-ardenza-toteme-skirt-71308769-8_2.jpg|https://images.vestiairecollective.com/images/resized/w=1024,q=75,f=auto,/produit/white-cashmere-ardenza-toteme-skirt-71308769-9_2.jpg|https://images.vestiairecollective.com/images/resized/w=1024,q=75,f=auto,/produit/white-cashmere-ardenza-toteme-skirt-71308769-10_2.jpg|https://images.vestiairecollective.com/images/resized/w=1024,q=75,f=auto,/produit/white-cashmere-ardenza-toteme-skirt-71308769-11_2.jpg|https://images.vestiairecollective.com/images/resized/w=1024,q=75,f=auto,/produit/white-cashmere-ardenza-toteme-skirt-71308769-12_2.jpg|https://images.vestiairecollective.com/images/resized/w=1024,q=75,f=auto,/produit/white-cashmere-ardenza-toteme-skirt-71308769-13_2.jpg|https://images.vestiairecollective.com/images/resized/w=1024,q=75,f=auto,/produit/white-cashmere-ardenza-toteme-skirt-71308769-14_2.jpg",,N
L110,Vestiaire Collective,https://us.vestiairecollective.com/women-clothing/jackets/dior/gold-silk-dior-jacket-71390186.shtml,2026-09-22,clothing,Dior silk blazer,"Description
Christian Dior gold silk blazer. Single-breasted front with six gold-tone buttons, flap pockets, notched lapels, and white lining.

Very good condition. Light creasing/wrinkling on the sleeves and body.

Made in the U.S.A.

Measurements:
Shoulders 17 1/2
Chest 19
Sleeve length 23 3/4
Length 25 1/2


Details
Online since:2026-09-22
Categories :Women
Category:Clothing
Sub-category:Jackets
Designer:Dior
Condition:Very good conditionMore info
Material:Silk
Color:Gold
Size:8 USsizing guide
Location:United States, from the seller Luxury Closettt
Reference:71390186",,,303.00,Very Good,Trusted Seller,"https://images.vestiairecollective.com/images/resized/w=1024,q=75,f=auto,/produit/gold-silk-dior-jacket-71390186-1_2.jpg|https://images.vestiairecollective.com/images/resized/w=1024,q=75,f=auto,/produit/gold-silk-dior-jacket-71390186-2_2.jpg|https://images.vestiairecollective.com/images/resized/w=1024,q=75,f=auto,/produit/gold-silk-dior-jacket-71390186-3_2.jpg|https://images.vestiairecollective.com/images/resized/w=1024,q=75,f=auto,/produit/gold-silk-dior-jacket-71390186-4_2.jpg|https://images.vestiairecollective.com/images/resized/w=1024,q=75,f=auto,/produit/gold-silk-dior-jacket-71390186-5_2.jpg|https://images.vestiairecollective.com/images/resized/w=1024,q=75,f=auto,/produit/gold-silk-dior-jacket-71390186-6_2.jpg|https://images.vestiairecollective.com/images/resized/w=1024,q=75,f=auto,/produit/gold-silk-dior-jacket-71390186-7_2.jpg|https://images.vestiairecollective.com/images/resized/w=1024,q=75,f=auto,/produit/gold-silk-dior-jacket-71390186-8_2.jpg|https://images.vestiairecollective.com/images/resized/w=1024,q=75,f=auto,/produit/gold-silk-dior-jacket-71390186-9_2.jpg",,N
L111,Vestiaire Collective,https://us.vestiairecollective.com/women-shoes/heels/christian-louboutin/black-cloth-nosy-spikes-christian-louboutin-heels-71380594.shtml,2026-09-22,shoes,Christian Louboutin Nosy Spikes cloth heels,"Christian Louboutin Nosy Spikes black cloth heels. T-strap design with clear PVC side panels and silver-tone studs.

Fair condition. scuffing and paint loss on the red lacquered soles at the toe and ball of the foot. Can be refurbished.

Size 41 EU.

Details
Online since:2026-09-22
Categories :Women
Category:Shoes
Sub-category:Heels
Designer:Christian Louboutin
Model:Nosy Spikes
Condition:Fair conditionMore info
Material:Cloth
Color:Black
Size:41 EUsizing guide
Location:United States, from the seller Blessing
Reference:71380594",,,144.00,Fair,,"https://images.vestiairecollective.com/images/resized/w=1024,q=75,f=auto,/produit/black-cloth-nosy-spikes-christian-louboutin-heels-71380594-1_2.jpg|https://images.vestiairecollective.com/images/resized/w=1024,q=75,f=auto,/produit/black-cloth-nosy-spikes-christian-louboutin-heels-71380594-2_2.jpg|https://images.vestiairecollective.com/images/resized/w=1024,q=75,f=auto,/produit/black-cloth-nosy-spikes-christian-louboutin-heels-71380594-3_2.jpg|https://images.vestiairecollective.com/images/resized/w=1024,q=75,f=auto,/produit/black-cloth-nosy-spikes-christian-louboutin-heels-71380594-4_2.jpg|https://images.vestiairecollective.com/images/resized/w=1024,q=75,f=auto,/produit/black-cloth-nosy-spikes-christian-louboutin-heels-71380594-5_2.jpg|",,N
L112,Vestiaire Collective,https://us.vestiairecollective.com/women-shoes/flats/emilia-wickstead/black-leather-emilia-wickstead-flats-71357553.shtml,2026-09-22,shoes,Emilia Wickstead leather flats,"Description
Emilia Wickstead flats for women in black leather. Very good condition.

Size 9.5 US.

Details
Online since:2026-09-21
Categories :Women
Category:Shoes
Sub-category:Flats
Designer:Emilia Wickstead
Condition:Very good conditionMore info
Material:Leather
Color:Black
Size:9.5 USsizing guide
Location:United States, from the seller Angela
Reference:71357553",,,575.00,Very Good,,"https://images.vestiairecollective.com/images/resized/w=1024,q=75,f=auto,/produit/black-leather-emilia-wickstead-flats-71357553-1_2.jpg|https://images.vestiairecollective.com/images/resized/w=1024,q=75,f=auto,/produit/black-leather-emilia-wickstead-flats-71357553-2_2.jpg|https://images.vestiairecollective.com/images/resized/w=1024,q=75,f=auto,/produit/black-leather-emilia-wickstead-flats-71357553-3_2.jpg|https://images.vestiairecollective.com/images/resized/w=1024,q=75,f=auto,/produit/black-leather-emilia-wickstead-flats-71357553-4_2.jpg|https://images.vestiairecollective.com/images/resized/w=1024,q=75,f=auto,/produit/black-leather-emilia-wickstead-flats-71357553-5_2.jpg|",,N
L113,Vestiaire Collective,https://us.vestiairecollective.com/women-shoes/ballet-flats/dior/black-leather-dior-ballet-dior-ballet-flats-70965981.shtml,2026-09-22,shoes,Dior Dior Ballet leather ballet flats,"Description
DIOR Cannage Quilted Calfskin Leather Flat Ballerina Ballet Bow Shoes
Crafted in black quilted calfskin with the Cannage motif, the Dior ballet flat is distinguished by a delicate grosgrain bow on the front adorned with a white CD resin pearl inspired by the iconic Dior Tribales earrings. Featuring a padded leather insole, the supple, comfortable ballet flat will add the finishing touch to all of the season's looks.
Grosgrain bow on the front
Decorative CD resin pearl
Padded calfskin insole
Leather sole with star, Christian Dior's lucky symbol
Made in Italy
Designer color: 900 Noir.
SIZE: 41 EU (Insole measures 10.75 inches.)
Brand New In the Box with a Dust Bag.


Details
Online since:2026-09-11
Categories :Women
Category:Shoes
Sub-category:Ballet flats
Designer:Dior
Model:Dior Ballet
Condition:Never worn, with tagMore info
Material:Leather
Color:Black
Size:41 EUsizing guide
Location:United States, from the seller Marina
Reference:70965981
Sold with
Dust bag
Shoe box",,,848.00,"Never worn, with tag",Expert Seller,"https://images.vestiairecollective.com/images/resized/w=1024,q=75,f=auto,/produit/black-leather-dior-ballet-dior-ballet-flats-70965981-1_2.jpg|https://images.vestiairecollective.com/images/resized/w=1024,q=75,f=auto,/produit/black-leather-dior-ballet-dior-ballet-flats-70965981-2_2.jpg|https://images.vestiairecollective.com/images/resized/w=1024,q=75,f=auto,/produit/black-leather-dior-ballet-dior-ballet-flats-70965981-3_2.jpg|https://images.vestiairecollective.com/images/resized/w=1024,q=75,f=auto,/produit/black-leather-dior-ballet-dior-ballet-flats-70965981-4_2.jpg|https://images.vestiairecollective.com/images/resized/w=1024,q=75,f=auto,/produit/black-leather-dior-ballet-dior-ballet-flats-70965981-5_2.jpg|https://images.vestiairecollective.com/images/resized/w=1024,q=75,f=auto,/produit/black-leather-dior-ballet-dior-ballet-flats-70965981-6_2.jpg|https://images.vestiairecollective.com/images/resized/w=1024,q=75,f=auto,/produit/black-leather-dior-ballet-dior-ballet-flats-70965981-7_2.jpg|https://images.vestiairecollective.com/images/resized/w=1024,q=75,f=auto,/produit/black-leather-dior-ballet-dior-ballet-flats-70965981-8_2.jpg|https://images.vestiairecollective.com/images/resized/w=1024,q=75,f=auto,/produit/black-leather-dior-ballet-dior-ballet-flats-70965981-9_2.jpg|https://images.vestiairecollective.com/images/resized/w=1024,q=75,f=auto,/produit/black-leather-dior-ballet-dior-ballet-flats-70965981-10_2.jpg|https://images.vestiairecollective.com/images/resized/w=1024,q=75,f=auto,/produit/black-leather-dior-ballet-dior-ballet-flats-70965981-11_2.jpg|https://images.vestiairecollective.com/images/resized/w=1024,q=75,f=auto,/produit/black-leather-dior-ballet-dior-ballet-flats-70965981-12_2.jpg",,N
L114,Vestiaire Collective,https://us.vestiairecollective.com/women-jewellery/necklaces/tiffany-co/silver-silver-city-hardwear-tiffany-co-necklace-71188365.shtml,2026-09-22,jewelry,Tiffany & Co City HardWear silver necklace,"Description
Tiffany & Co Sterling Silver Graduated Hardwear Ball Bead Necklace

Sterling Silver 925

Measures about 16.25"" from end to end when fully extended

Beads Measure from 5.8- 11mm

Has been cleaned and polished

Pouch Included

Details
Online since:2026-09-18
Categories :Women
Category:Jewellery
Sub-category:Necklaces
Designer:Tiffany & Co
Model:City HardWear
Condition:Very good conditionMore info
Material:Silver
Color:Silver
Location:United States, from the seller Juan
Reference:71188365",,,735.00,Very Good,,"https://images.vestiairecollective.com/images/resized/w=1024,q=75,f=auto,/produit/silver-silver-city-hardwear-tiffany-co-necklace-71188365-1_2.jpg|https://images.vestiairecollective.com/images/resized/w=1024,q=75,f=auto,/produit/silver-silver-city-hardwear-tiffany-co-necklace-71188365-2_2.jpg|https://images.vestiairecollective.com/images/resized/w=1024,q=75,f=auto,/produit/silver-silver-city-hardwear-tiffany-co-necklace-71188365-3_2.jpg|https://images.vestiairecollective.com/images/resized/w=1024,q=75,f=auto,/produit/silver-silver-city-hardwear-tiffany-co-necklace-71188365-4_2.jpg|https://images.vestiairecollective.com/images/resized/w=1024,q=75,f=auto,/produit/silver-silver-city-hardwear-tiffany-co-necklace-71188365-5_2.jpg|https://images.vestiairecollective.com/images/resized/w=1024,q=75,f=auto,/produit/silver-silver-city-hardwear-tiffany-co-necklace-71188365-6_2.jpg|https://images.vestiairecollective.com/images/resized/w=1024,q=75,f=auto,/produit/silver-silver-city-hardwear-tiffany-co-necklace-71188365-7_2.jpg|https://images.vestiairecollective.com/images/resized/w=1024,q=75,f=auto,/produit/silver-silver-city-hardwear-tiffany-co-necklace-71188365-8_2.jpg|https://images.vestiairecollective.com/images/resized/w=1024,q=75,f=auto,/produit/silver-silver-city-hardwear-tiffany-co-necklace-71188365-9_2.jpg|https://images.vestiairecollective.com/images/resized/w=1024,q=75,f=auto,/produit/silver-silver-city-hardwear-tiffany-co-necklace-71188365-10_2.jpg|https://images.vestiairecollective.com/images/resized/w=1024,q=75,f=auto,/produit/silver-silver-city-hardwear-tiffany-co-necklace-71188365-11_2.jpg|https://images.vestiairecollective.com/images/resized/w=1024,q=75,f=auto,/produit/silver-silver-city-hardwear-tiffany-co-necklace-71188365-12_2.jpg|https://images.vestiairecollective.com/images/resized/w=1024,q=75,f=auto,/produit/silver-silver-city-hardwear-tiffany-co-necklace-71188365-13_2.jpg",,N
L115,Vestiaire Collective,https://us.vestiairecollective.com/women-jewellery/bracelets/hermes/silver-silver-chaine-dancre-hermes-bracelet-71017768.shtml,2026-09-22,jewelry,Hermes Chaîne d'Ancre silver bracelet,"Description
Hermes Chaine d’Ancre bangle in sterling silver. Brand new, never worn. Comes with box. MM size.

Details
Online since:2026-09-14
Categories :Women
Category:Jewellery
Sub-category:Bracelets
Designer:Hermès
Model:Chaîne d'Ancre
Condition:Never wornMore info
Material:Silver
Color:Silver
Location:United States, from the seller Samantha
Reference:71017768",,"1,031.00",751.00,Never worn,Expert Seller,"https://images.vestiairecollective.com/images/resized/w=1024,q=75,f=auto,/produit/silver-silver-chaine-dancre-hermes-bracelet-71017768-1_2.jpg|https://images.vestiairecollective.com/images/resized/w=1024,q=75,f=auto,/produit/silver-silver-chaine-dancre-hermes-bracelet-71017768-2_2.jpg|https://images.vestiairecollective.com/images/resized/w=1024,q=75,f=auto,/produit/silver-silver-chaine-dancre-hermes-bracelet-71017768-3_2.jpg|https://images.vestiairecollective.com/images/resized/w=1024,q=75,f=auto,/produit/silver-silver-chaine-dancre-hermes-bracelet-71017768-4_2.jpg|https://images.vestiairecollective.com/images/resized/w=1024,q=75,f=auto,/produit/silver-silver-chaine-dancre-hermes-bracelet-71017768-5_2.jpg|https://images.vestiairecollective.com/images/resized/w=1024,q=75,f=auto,/produit/silver-silver-chaine-dancre-hermes-bracelet-71017768-6_2.jpg","listing has a platform level tag of ""we love""",N
L116,Vestiaire Collective,https://us.vestiairecollective.com/women-jewellery/rings/bvlgari/gold-yellow-gold-bzero1-bvlgari-ring-71354862.shtml,2026-09-22,jewelry,Bvlgari B.Zero1 yellow gold ring,"Description
Bvlgari B.Zero1 yellow gold ring. Multi-band design, presented in a branded box.

Very good condition.

Made in Italy.

Size 54 MM.

Details
Online since:2026-09-20
Categories :Women
Category:Jewellery
Sub-category:Rings
Designer:Bvlgari
Model:B.Zero1
Condition:Very good conditionMore info
Material:Yellow gold
Color:Gold
Size:54 MMsizing guide
Location:United States, from the seller oralia
Reference:71354862",,,"2,070.00",Very Good,"Fashion Activist
Trusted Seller","https://images.vestiairecollective.com/images/resized/w=1024,q=75,f=auto,/produit/gold-yellow-gold-bzero1-bvlgari-ring-71354862-1_2.jpg|https://images.vestiairecollective.com/images/resized/w=1024,q=75,f=auto,/produit/gold-yellow-gold-bzero1-bvlgari-ring-71354862-2_2.jpg|https://images.vestiairecollective.com/images/resized/w=1024,q=75,f=auto,/produit/gold-yellow-gold-bzero1-bvlgari-ring-71354862-3_2.jpg",only 3 blurry photos for this listing...not good,N
L117,Poshmark,https://poshmark.com/listing/Elsamanda-Anthropologie-Chunky-Italian-Knit-Wool-Alpaca-Blend-Sz-Large-68dc8240325187ebb3f8c418,2026-09-23,clothing,Elsamanda Anthropologie Chunky Italian Knit Wool Alpaca Blend Sz Large,"Size
L
Size Chart
Color
Gray
Category
Women
Sweaters
Cardigans
Brand
Anthropologie
The Elsamanda Anthropologie Chunky Italian Knit Wool Alpaca Blend in size Large is a stylish and versatile sweater perfect for various occasions such as travel, casual outings, and business meetings. The chunky knit style and kimono sleeves give it a trendy and cozy look, while the collared neckline adds a touch of sophistication. Made from a soft alpaca blend fabric, this pullover sweater is machine washable for easy care. The gray color and bohemian theme make it a chic addition to your winter, fall, or spring wardrobe, showcasing the Anthropologie brand's quality and style.",125.00,,56.00,,,https://di2ponv0v5otw.cloudfront.net/posts/2025/09/30/68dc8240325187ebb3f8c418/l_wp_68dc8241b6af92bdbf5c2ab9.webp|https://di2ponv0v5otw.cloudfront.net/posts/2025/09/30/68dc8240325187ebb3f8c418/l_wp_68dc8241b6af9263c75c2abc.webp|https://di2ponv0v5otw.cloudfront.net/posts/2025/09/30/68dc8240325187ebb3f8c418/l_wp_68dc824124d2e706d5bebb01.webp|https://di2ponv0v5otw.cloudfront.net/posts/2025/09/30/68dc8240325187ebb3f8c418/l_wp_68dc8241bedd3482d2a38a2a.webp|https://di2ponv0v5otw.cloudfront.net/posts/2025/09/30/68dc8240325187ebb3f8c418/l_wp_68dc8242bdcb04570e2ecd2b.webp|https://di2ponv0v5otw.cloudfront.net/posts/2025/09/30/68dc8240325187ebb3f8c418/l_wp_68dc8242c71ba16781e7ab3b.webp|https://di2ponv0v5otw.cloudfront.net/posts/2025/09/30/68dc8240325187ebb3f8c418/l_wp_68dc82430015426fc0ee21b3.webp|https://di2ponv0v5otw.cloudfront.net/posts/2025/09/30/68dc8240325187ebb3f8c418/l_wp_68dc824388849ae4c8357001.webp|https://di2ponv0v5otw.cloudfront.net/posts/2025/09/30/68dc8240325187ebb3f8c418/l_wp_68dc8244a9a44866e6da789a.webp,there's no stated condition on this item,N
L118,Poshmark,https://poshmark.com/listing/Caballero-Multicolor-Printed-Long-Sleeve-Smocked-Ruffled-Nickie-Dress-Small-6a7d22a93dfc008b6cd5b002,2026-09-23,clothing,Caballero Multicolor Printed Long Sleeve Smocked Ruffled Nickie Dress SmallCaballero Multicolor Printed Long Sleeve Smocked Ruffled Nickie Dress Small,"Size
S
Size Chart
Condition
Good
Color
Pink
Tan
Category
Women
Dresses
Long Sleeve
Brand
Caballero
Style Tags
Bohemian
Designer
-Long sleeve mini dress with stretchy smocked waist, ruffled button placket, and black piped trim
-100% eco-responsible viscose
-Underarm to underarm measures 18.5"", waist measures 12"" unstretched, shoulder to hem 35""
-In excellent pre-owned condition with no flaws to note!",278.00,,28.00,Good,,https://di2ponv0v5otw.cloudfront.net/posts/2026/08/12/6a7d22a93dfc008b6cd5b002/l_wp_6a7d22ab4adcb310082db656.webp|https://di2ponv0v5otw.cloudfront.net/posts/2026/08/12/6a7d22a93dfc008b6cd5b002/l_wp_6a7d22ab8091ef3991a9f6d8.webp|https://di2ponv0v5otw.cloudfront.net/posts/2026/08/12/6a7d22a93dfc008b6cd5b002/l_wp_6a7d22ac221dcb8370b044e5.webp|https://di2ponv0v5otw.cloudfront.net/posts/2026/08/12/6a7d22a93dfc008b6cd5b002/l_wp_6a7d22ad231393911447e1f9.webp|https://di2ponv0v5otw.cloudfront.net/posts/2026/08/12/6a7d22a93dfc008b6cd5b002/l_wp_6a7d22ae4adcb3d8312db689.webp|https://di2ponv0v5otw.cloudfront.net/posts/2026/08/12/6a7d22a93dfc008b6cd5b002/l_wp_6a7d22afe625d277f74eaa9b.webp|https://di2ponv0v5otw.cloudfront.net/posts/2026/08/12/6a7d22a93dfc008b6cd5b002/l_wp_6a7d22b1a1bf20028faa9264.webp,,N
L119,Poshmark,https://poshmark.com/listing/Vintage-Gucci-Black-Leather-Rectangular-Flap-Shoulder-Bag-6a23021bb944912b508b0603?utm_source=gdm&utm_campaign=22827280963&campaign_id=22827280963&ad_partner=google&gskid=aud-2192212451015%3Apla-2513655081324&gcid=765499490552&adset_id=182734185333&gdid=c&g_network=g&enable_guest_buy_flow=true&gad_source=1&gad_campaignid=22827280963&gbraid=0AAAAADwcDC_kuDxHFsgN-dIgWG5lI3i_-&gclid=Cj0KCQjw8c3VBhCsARIsAA_xJ93Y1eJH2Q4Nfb5WOZ4yfScyIOZbI1YWWDkOISse8bTZL7So2ydoaBAaAvL4EALw_wcB,2026-09-23,handbag,Vintage Gucci Black Leather Rectangular Flap Shoulder Bag,"Size
OS
Condition
Fair
Color
Black
Category
Women
Bags
Shoulder Bags
Brand
Gucci
Vintage Gucci Black Leather Rectangular Flap Shoulder Bag
Tom Ford Era, condition is fair. One side was stitched, so you can see a small flaw there, the other side is slightly torn. There's also a crack on the strap. Please check all the photos. The material inside is peeling and feels sticky.",,,135.00,Fair,,https://di2ponv0v5otw.cloudfront.net/posts/2026/06/05/6a23021bb944912b508b0603/l_wp_6a2302454a072bb4feefb970.webp|https://di2ponv0v5otw.cloudfront.net/posts/2026/06/05/6a23021bb944912b508b0603/l_wp_6a230246b7f0ac2fec87327f.webp|https://di2ponv0v5otw.cloudfront.net/posts/2026/06/05/6a23021bb944912b508b0603/l_wp_6a2302477ac6296458f7dfd0.webp|https://di2ponv0v5otw.cloudfront.net/posts/2026/06/05/6a23021bb944912b508b0603/l_wp_6a230248c71ba1af58aa5fe4.webp|https://di2ponv0v5otw.cloudfront.net/posts/2026/06/05/6a23021bb944912b508b0603/l_wp_6a23024aed788dc4646a9864.webp|https://di2ponv0v5otw.cloudfront.net/posts/2026/06/05/6a23021bb944912b508b0603/l_wp_6a23024b0015429695b881ba.webp|https://di2ponv0v5otw.cloudfront.net/posts/2026/06/05/6a23021bb944912b508b0603/l_wp_6a23024db6af923edc49aed2.webp|https://di2ponv0v5otw.cloudfront.net/posts/2026/06/05/6a23021bb944912b508b0603/l_wp_6a23024ee9c77dbfce37ec29.webp|https://di2ponv0v5otw.cloudfront.net/posts/2026/06/05/6a23021bb944912b508b0603/l_wp_6a23024f1986c244d2a929c7.webp|https://di2ponv0v5otw.cloudfront.net/posts/2026/06/05/6a23021bb944912b508b0603/l_wp_6a230250ff032055d3a13c37.webp|https://di2ponv0v5otw.cloudfront.net/posts/2026/06/05/6a23021bb944912b508b0603/l_wp_6a23028e88849acd1742c29e.webp|https://di2ponv0v5otw.cloudfront.net/posts/2026/06/05/6a23021bb944912b508b0603/l_wp_6a2302612326c865eae58959.webp|https://di2ponv0v5otw.cloudfront.net/posts/2026/06/05/6a23021bb944912b508b0603/l_wp_6a230262ff03203cbfa13d15.webp|https://di2ponv0v5otw.cloudfront.net/posts/2026/06/05/6a23021bb944912b508b0603/l_wp_6a230263e9c77d150c37ed42.webp|https://di2ponv0v5otw.cloudfront.net/posts/2026/06/05/6a23021bb944912b508b0603/l_wp_6a23028f9f034ce267e93772.webp|https://di2ponv0v5otw.cloudfront.net/posts/2026/06/05/6a23021bb944912b508b0603/l_wp_6a23026e9f034c31f3e93624.webp,,N
L120,Poshmark,https://poshmark.com/listing/Prada-Black-Vitello-Cernier-Leather-Shoulder-Bag-6a861e415551aa88ba15ea57,2026-09-23,handbag,Prada Black Vitello Cernier Leather Shoulder Bag,"Size
OS
Condition
Fair
Color
Black
Category
Women
Bags
Shoulder Bags
Brand
Prada
Please note the magnet that hold this bag is not very strong. It will still keep the bag shut but it’s wearing out.

Elegant black leather bag with subtle shine. Embossed Prada logo on front. Slim single strap for shoulder wear. Smooth structured silhouette. Classic and versatile design.",,,250.00,Fair,,https://di2ponv0v5otw.cloudfront.net/posts/2026/08/19/6a861e415551aa88ba15ea57/l_wp_6a861e415551aa88ba15ea58.webp|https://di2ponv0v5otw.cloudfront.net/posts/2026/08/19/6a861e415551aa88ba15ea57/l_wp_6a861e415551aa88ba15ea62.webp|https://di2ponv0v5otw.cloudfront.net/posts/2026/08/19/6a861e415551aa88ba15ea57/l_wp_6a861e425551aa88ba15ea65.webp|https://di2ponv0v5otw.cloudfront.net/posts/2026/08/19/6a861e415551aa88ba15ea57/l_wp_6a861e435551aa88ba15ea6b.webp|https://di2ponv0v5otw.cloudfront.net/posts/2026/08/19/6a861e415551aa88ba15ea57/l_wp_6a861e435551aa88ba15ea79.webp|https://di2ponv0v5otw.cloudfront.net/posts/2026/08/19/6a861e415551aa88ba15ea57/l_wp_6a861e445551aa88ba15ea93.webp|https://di2ponv0v5otw.cloudfront.net/posts/2026/08/19/6a861e415551aa88ba15ea57/l_wp_6a861e455551aa88ba15eaab.webp|https://di2ponv0v5otw.cloudfront.net/posts/2026/08/19/6a861e415551aa88ba15ea57/l_wp_6a861e455551aa88ba15eab5.webp|,,N
L121,Poshmark,https://poshmark.com/listing/JIL-SANDER-BURGUNDY-SATCHEL-649f2c0afb730439c195f146?srsltid=AU7gw4WulVwY3361u0yxej9AChEcJ0xFoG38MyLThdLJvGdHfIHgVybL,2026-09-23,handbag,JIL SANDER BURGUNDY SATCHEL,"Size
OS
Color
Purple
Category
Women
Bags
Clutches & Wristlets
Brand
Jil Sander
Only used a few times

Genuine leather

In pretty good condition, with only a few blemishes

Perfect clutch / going out purse!

Gorgeous color, great for evening and day wear","1,500.00",,485.00,Good,,https://di2ponv0v5otw.cloudfront.net/posts/2023/06/30/649f2c0afb730439c195f146/l_wp_649f2c0f24237a0a0a0f02bf.webp|https://di2ponv0v5otw.cloudfront.net/posts/2023/06/30/649f2c0afb730439c195f146/l_wp_649f2c1b7dfcc26c42f0b7db.webp|https://di2ponv0v5otw.cloudfront.net/posts/2023/06/30/649f2c0afb730439c195f146/l_wp_649f2c65f8c5da060b2ffdbf.webp|https://di2ponv0v5otw.cloudfront.net/posts/2023/06/30/649f2c0afb730439c195f146/l_wp_649f2c6dff0484526eef627a.webp,condition not officially stated on listing -- listed as good by seller in description,N
L122,Poshmark,https://poshmark.com/listing/Michael-Kors-Black-Shoulder-Bag-6ab14df81b613af35f1c933e,2026-09-23,handbag,Michael Kors Black Shoulder Bag,"Size
OS
Condition
Good
Color
Black
Category
Women
Bags
Shoulder Bags
Brand
Michael Kors
Style Tags
Shoulder Bag
MK
Vintage
Vintage Michael Kors Chandler black leather shoulder bag
(often classified under model style B-0808).

This classic satchel features smooth black leather panels, structured vertical dual shoulder straps attached via prominent gold-tone O-rings, decorative side straps with stud details, and a distinct oval gold-tone turn-lock clasp on the front flap.
Genuine leather with a smooth finishHardware: Polished gold-tone metal accents
Front flap with an engraved oval turn-lock mechanism
Dual top shoulder straps, decorative side belts, and protective base studs

✨ PoshGlamMa’s Closet Disclaimer ✨

All items in my closet are pre-owned, vintage, or gently used unless otherwise stated. Some handbags have been lovingly cleaned, restored, or “rehabbed” to extend their life and beauty ♻️

Please note:
• Items may show signs of wear, age, or minor imperfections
• I do my best to describe and photograph all details accurately
• Review ALL photos and descriptions carefully before purchasing

🛍️ All sales are final
🚫 No cancellations, returns, or exchanges
📦 Items are sold AS IS

By purchasing, you acknowledge and accept the condition as shown.

* Buyer agrees to condition shown
* Item is accurately described
* All sales are final

Thank you for supporting sustainable fashion and giving these beauties a second life 💕",,,130.00,Good,,https://di2ponv0v5otw.cloudfront.net/posts/2026/09/21/6ab14df81b613af35f1c933e/l_wp_6ab14dfce625d2ec3a0a2314.webp|https://di2ponv0v5otw.cloudfront.net/posts/2026/09/21/6ab14df81b613af35f1c933e/l_wp_6ab14dfe1b53fe272eda7a59.webp|https://di2ponv0v5otw.cloudfront.net/posts/2026/09/21/6ab14df81b613af35f1c933e/l_wp_6ab14e01571a7ee7dc61b4fe.webp|https://di2ponv0v5otw.cloudfront.net/posts/2026/09/21/6ab14df81b613af35f1c933e/l_wp_6ab14e038091efa8c3749fbc.webp|https://di2ponv0v5otw.cloudfront.net/posts/2026/09/21/6ab14df81b613af35f1c933e/l_wp_6ab14e0551d13a786af6af3f.webp|https://di2ponv0v5otw.cloudfront.net/posts/2026/09/21/6ab14df81b613af35f1c933e/l_wp_6ab14e078925d316b16fc260.webp|https://di2ponv0v5otw.cloudfront.net/posts/2026/09/21/6ab14df81b613af35f1c933e/l_wp_6ab14e0b05ce574fd6c95925.webp|https://di2ponv0v5otw.cloudfront.net/posts/2026/09/21/6ab14df81b613af35f1c933e/l_wp_6ab14e0d7e297b95ddd160d5.webp|https://di2ponv0v5otw.cloudfront.net/posts/2026/09/21/6ab14df81b613af35f1c933e/l_wp_6ab14e10f00c55975e49cced.webp|https://di2ponv0v5otw.cloudfront.net/posts/2026/09/21/6ab14df81b613af35f1c933e/l_wp_6ab14e11b552235781c4260e.webp|https://di2ponv0v5otw.cloudfront.net/posts/2026/09/21/6ab14df81b613af35f1c933e/l_wp_6ab14e157049a1079fc9c397.webp|https://di2ponv0v5otw.cloudfront.net/posts/2026/09/21/6ab14df81b613af35f1c933e/l_wp_6ab14e174fcf2630b00c3924.webp|https://di2ponv0v5otw.cloudfront.net/posts/2026/09/21/6ab14df81b613af35f1c933e/l_wp_6ab14e1aebb1a5f418e9f8a0.webp|https://di2ponv0v5otw.cloudfront.net/posts/2026/09/21/6ab14df81b613af35f1c933e/l_wp_6ab14e1df00c55197449cd68.webp|https://di2ponv0v5otw.cloudfront.net/posts/2026/09/21/6ab14df81b613af35f1c933e/l_wp_6ab14e1f8974d0ccac1e7f53.webp,,N
L123,Poshmark,https://poshmark.com/listing/Diane-Von-Furstenberg-Dark-Brown-Leather-Mules-Sz-8-Excellent-Condition-6896082214937704a8a290a2?utm_source=gdm&utm_campaign=22823312345&campaign_id=22823312345&ad_partner=google&gskid=aud-2192212451015%3Apla-2540556571567&gcid=789025758659&adset_id=194103343367&gdid=c&g_network=g&enable_guest_buy_flow=true&gad_source=1&gad_campaignid=22823312345&gbraid=0AAAAADwcDC8bBp8h_cDR7RMCNkOiGsqA-&gclid=Cj0KCQjw8c3VBhCsARIsAA_xJ91FoqobfiSvcKa_xuXC4wVOEyJx5nNbW-WkoO8GIcBkq8Qk6SLWCTIaAiZbEALw_wcB,2026-09-23,shoes,Diane Von Furstenberg Dark Brown Leather Mules Sz 8. Excellent Condition.,"Size
8

Condition
Pre Owned
Color
Brown
Category
Women
Shoes
Mules & Clogs
Brand
Diane Von Furstenberg
Chic and versatile dark brown leather mules. Ideal for elevating any outfit. 4 1/2 patent leather heel.",295.00,,75.00,75.00,,https://di2ponv0v5otw.cloudfront.net/posts/2025/08/08/6896082214937704a8a290a2/l_wp_689608e5d8024c6c3b588f09.webp|https://di2ponv0v5otw.cloudfront.net/posts/2025/08/08/6896082214937704a8a290a2/l_wp_68960862a951053dcc9c9ef8.webp|https://di2ponv0v5otw.cloudfront.net/posts/2025/08/08/6896082214937704a8a290a2/l_wp_6896086dbdcb04e49543de57.webp|https://di2ponv0v5otw.cloudfront.net/posts/2025/08/08/6896082214937704a8a290a2/l_wp_689608f5a9a448f0d1c27a3f.webp|https://di2ponv0v5otw.cloudfront.net/posts/2025/08/08/6896082214937704a8a290a2/l_wp_68960840c4e7b4346383d16e.webp|https://di2ponv0v5otw.cloudfront.net/posts/2025/08/08/6896082214937704a8a290a2/l_wp_689608e644ad4dc0995c4328.webphttps://di2ponv0v5otw.cloudfront.net/posts/2026/08/19/6a861e415551aa88ba15ea57/l_6a88c480f00c550fcca6cfc1.jpg,labeled excellent condition by user,N
L124,Poshmark,https://poshmark.com/listing/STAUD-Black-Womens-Loulou-Loafers-Polished-Leather-SlipOns-6a12e51ab09b7cc03e4979e0,2026-09-23,shoes,STAUD Black Women's Loulou Loafers - Polished Leather Slip-Ons,"Size
10
Size Chart
Condition
Good
Color
Black
Category
Women
Shoes
Flats & Loafers
Brand
STAUD
Classic polished black leather loafers by STAUD. Ruched vamp detail with a sleek penny strap. Low stacked heel for everyday wear. Minimal, refined silhouette suitable for work or casual looks.
Used but good condition
Size 10, with a tight fit, closer to a US 9/9.5 rather than a full 10",395.00,,110.00,Good,,https://di2ponv0v5otw.cloudfront.net/posts/2026/05/24/6a12e51ab09b7cc03e4979e0/l_wp_6a12e579b944911b1621bdd6.webp|https://di2ponv0v5otw.cloudfront.net/posts/2026/05/24/6a12e51ab09b7cc03e4979e0/l_wp_6a12e57b7ac629f682d403d2.webp|https://di2ponv0v5otw.cloudfront.net/posts/2026/05/24/6a12e51ab09b7cc03e4979e0/l_wp_6a12e57edc3b4680e2065f14.webp|https://di2ponv0v5otw.cloudfront.net/posts/2026/05/24/6a12e51ab09b7cc03e4979e0/l_wp_6a12e5803509d12de2a7d288.webp|https://di2ponv0v5otw.cloudfront.net/posts/2026/05/24/6a12e51ab09b7cc03e4979e0/l_wp_6a12e581ed788db21403e33a.webp|https://di2ponv0v5otw.cloudfront.net/posts/2026/05/24/6a12e51ab09b7cc03e4979e0/l_wp_6a12e5822fa05444f0f70f33.webp,,N
L125,Poshmark,https://poshmark.com/listing/New-Kelsi-Dagger-Brooklyn-Harling-Black-Clog-Sandal-E758-6808ef719e4f74d935c33916,2026-09-23,shoes,New Kelsi Dagger Brooklyn Harling Black Clog Sandal E758,"Size
9.5
Size Chart
Condition
New With Tags
Color
Black
Category
Women
Shoes
Sandals
Brand
Kelsi Dagger
Style Tags
Faux Leather
Comfy
new
GRAIN ANKLE STRAP SANDAL IN BLACK LEATHER
Gleaming studs attach woven leather straps to the wooden platform sole of this beach-chic sandal with a grippy sawtooth sole and a cork-inset footbed.
Adjustable ankle strap with buckle closure;
hidden elastic inset
Leather upper/leather, textile and cork lining/rubber sole Imported Women's Shoes",135.00,,36.00,New with tags,,https://di2ponv0v5otw.cloudfront.net/posts/2025/04/23/6808ef719e4f74d935c33916/l_wp_6808ef78006e4336ae708c5e.webp|https://di2ponv0v5otw.cloudfront.net/posts/2025/04/23/6808ef719e4f74d935c33916/l_wp_6808ef77b6af92bd22ed20be.webp|https://di2ponv0v5otw.cloudfront.net/posts/2025/04/23/6808ef719e4f74d935c33916/l_wp_6808ef77f59cc46056ffd261.webp|https://di2ponv0v5otw.cloudfront.net/posts/2025/04/23/6808ef719e4f74d935c33916/l_wp_6808ef77c71ba1f2cd1c3f45.webp|https://di2ponv0v5otw.cloudfront.net/posts/2025/04/23/6808ef719e4f74d935c33916/l_wp_6808ef77006e43d3e0708c5a.webp|https://di2ponv0v5otw.cloudfront.net/posts/2025/04/23/6808ef719e4f74d935c33916/l_wp_6808ef77d7555d93545cd2dd.webp|https://di2ponv0v5otw.cloudfront.net/posts/2025/04/23/6808ef719e4f74d935c33916/l_wp_6808ef78a95105707dd327ce.webp|https://di2ponv0v5otw.cloudfront.net/posts/2025/04/23/6808ef719e4f74d935c33916/l_wp_6808ef78f6035a4ed044b883.webp|https://di2ponv0v5otw.cloudfront.net/posts/2025/04/23/6808ef719e4f74d935c33916/l_wp_6808ef78fe4c6871684d6b27.webp|https://di2ponv0v5otw.cloudfront.net/posts/2025/04/23/6808ef719e4f74d935c33916/l_wp_6808ef789f19e2de7cec53f5.webp|https://di2ponv0v5otw.cloudfront.net/posts/2025/04/23/6808ef719e4f74d935c33916/l_wp_6808ef78fe4c6897424d6b28.webp|https://di2ponv0v5otw.cloudfront.net/posts/2025/04/23/6808ef719e4f74d935c33916/l_wp_6808ef77955383eab9d38b4f.webp,,N
L126,Poshmark,https://poshmark.com/listing/Kendra-Scott-Rayne-Long-Pendant-Necklace-Gold-Magenta-Pink-Tassel-Statement-6a0fb019b142f367b9849b99,2026-09-23,jewelry,Kendra Scott Rayne Long Pendant Necklace Gold Magenta Pink Tassel Statement,"Size
OS
Condition
Good
Color
Gold
Pink
Category
Women
Jewelry
Necklaces
Brand
Kendra Scott
Style Tags
Party
Feminine
Kendra Scott Rayne Long Pendant Necklace features a striking magenta pink druzy-style stone set in a signature gold-tone filigree frame. This bohemian-inspired piece is anchored by a tiered metallic tassel that adds movement and elegance to the elongated silhouette. The substantial rope chain provides durability and a classic look, making it a versatile accessory for layering or wearing as a bold statement piece.

Measurements:
• Total Length: 32""
• Pendant Drop: 5.5""

Brand: Kendra Scott
Style: Rayne Long Pendant
Color: Gold, Magenta Pink
Material: Gold-tone Brass, Stone
Closure: Lobster Claw
Chain Type: Rope
Pendant Shape: Oval
Accent: Metallic Tassel
Theme: Bohemian
Occasion: Everyday, Party
Finish: Polished

Keywords: Boho, Statement, Layering, Tassel Necklace, Magenta, Druzy, Filigree, Long Necklace, Kendra Scott Jewelry, Fuchsia, Gifting, Festival, Eclectic",,,40.00,Good,,https://di2ponv0v5otw.cloudfront.net/posts/2026/05/21/6a0fb019b142f367b9849b99/l_wp_6a0fb0199f034c4cae1010e4.webp|https://di2ponv0v5otw.cloudfront.net/posts/2026/05/21/6a0fb019b142f367b9849b99/l_wp_6a0fb01a5919e02196a363e1.webp|https://di2ponv0v5otw.cloudfront.net/posts/2026/05/21/6a0fb019b142f367b9849b99/l_wp_6a0fb01ac4e7b41effb8c6dd.webp|https://di2ponv0v5otw.cloudfront.net/posts/2026/05/21/6a0fb019b142f367b9849b99/l_wp_6a0fb01a88849abc38ffb8ac.webp|https://di2ponv0v5otw.cloudfront.net/posts/2026/05/21/6a0fb019b142f367b9849b99/l_wp_6a0fb01a5df8e799d70b8390.webp|https://di2ponv0v5otw.cloudfront.net/posts/2026/05/21/6a0fb019b142f367b9849b99/l_wp_6a0fb01a4206440546689930.webp|https://di2ponv0v5otw.cloudfront.net/posts/2026/05/21/6a0fb019b142f367b9849b99/l_wp_6a0fb01a001542f4a77dae61.webp|,,N
L127,Poshmark,https://poshmark.com/listing/New-Anthropologie-Gold-Fringe-Drop-Earrings-6aa9dce638693706a1844f61,2026-09-23,jewelry,New Anthropologie Gold Fringe Drop Earrings,"Size
OS
Condition
Like New
Color
Gold
Category
Women
Jewelry
Earrings
Brand
Anthropologie
Style Tags
Gold
Bohemian
Style No. 79799060; Color Code: 

Iron, brass, cubic zirconia
Ear wire styling
Imported",48.00,12.00,9.00,Like New,,https://di2ponv0v5otw.cloudfront.net/posts/2026/09/15/6aa9dce638693706a1844f61/l_wp_6aa9dce905ce572fd1a8c710.webp|https://di2ponv0v5otw.cloudfront.net/posts/2026/09/15/6aa9dce638693706a1844f61/l_wp_6aa9dceb1b53fe57a03ded1e.webp|https://di2ponv0v5otw.cloudfront.net/posts/2026/09/15/6aa9dce638693706a1844f61/l_wp_6aa9dceb7aaa64b8b2ab9dd9.webp|https://di2ponv0v5otw.cloudfront.net/posts/2026/09/15/6aa9dce638693706a1844f61/l_wp_6aa9dcec2313930c751b2ce4.webp|https://di2ponv0v5otw.cloudfront.net/posts/2026/09/15/6aa9dce638693706a1844f61/l_wp_6aa9dced7625b14c6b8a09f0.webp|https://di2ponv0v5otw.cloudfront.net/posts/2026/09/15/6aa9dce638693706a1844f61/l_wp_6aa9dcee41ae66d34b744624.webp|https://di2ponv0v5otw.cloudfront.net/posts/2026/09/15/6aa9dce638693706a1844f61/l_wp_6aa9dcefc6a0b35bc88c1f93.webp,,N
L128,Poshmark,https://poshmark.com/listing/Tiffany-Co-Somerset-Mesh-Ring-Band-Sterling-Silver-925-Size-6-Gift-Box-Pouch-6a99de37441b19224398d2e8,2026-09-23,jewelry,"Tiffany & Co. Heart Tag Charm Bracelet Sterling Silver 925 8"" Gift Box & Pouch","Size
8”
Condition
Good
Color
Silver
Category
Women
Jewelry
Bracelets
Brand
Tiffany & Co.
Tiffany & Co. Heart Tag Charm Bracelet Sterling Silver 925 W/ Pouch, Box & Ribbon 🎁🎁

⭐️ ⭐️ MATCHING PIECE AVAILABLE: I’m also selling the matching Tiffany & Co. necklace separately. Please see my other listings.

Wonderful gift for a ❤️loved one or for yourself.

—> Price is firm

Description:

Sterling Silver with Heart Motif
Lobster Clasp Closure

Details: Metal Type:

Sterling Silver Marks: 925,
Tiffany's Designer Signature

Length: 8”

Condition: Shiny & Beautiful. Hairline scratches consistent with normal wear. A jeweler can remove hairline scratches if needed. Images reflect accurately.

🎁 Included with purchase: Tiffany’s Pouch, Box & Ribbon 100% Authentic

🌺 Buy with confidence. 5 Star feedback rating.

💯 Polished at Tiffany’s, polishing receipt / proof of authenticity with pictures shown. (Tiffany’s only polishes Tiffany’s items) 💯",650.00,,345.00,Good,,https://di2ponv0v5otw.cloudfront.net/posts/2026/08/07/6a76507e231393d5bcda8071/l_6a765198192125fd7df556d3.jpg|https://di2ponv0v5otw.cloudfront.net/posts/2026/08/07/6a76507e231393d5bcda8071/l_6a76519f4adcb34f69cefe6a.jpg|https://di2ponv0v5otw.cloudfront.net/posts/2026/08/07/6a76507e231393d5bcda8071/l_6a7651971921250cbcf556cd.jpg|https://di2ponv0v5otw.cloudfront.net/posts/2026/08/07/6a76507e231393d5bcda8071/l_6a76519e13a64727255a1895.jpg|https://di2ponv0v5otw.cloudfront.net/posts/2026/08/07/6a76507e231393d5bcda8071/l_6a76519dadedd1f20897ba20.jpg|https://di2ponv0v5otw.cloudfront.net/posts/2026/08/07/6a76507e231393d5bcda8071/l_6a765d59b9dd708d9f5aa2d1.jpg|https://di2ponv0v5otw.cloudfront.net/posts/2026/08/07/6a76507e231393d5bcda8071/l_6a76519d571a7e9e78018372.jpg|https://di2ponv0v5otw.cloudfront.net/posts/2026/08/07/6a76507e231393d5bcda8071/l_6a76519ba0b935b04821a1a7.jpg|https://di2ponv0v5otw.cloudfront.net/posts/2026/08/07/6a76507e231393d5bcda8071/l_6a76519b6c358339e4ae6a5f.jpg|https://di2ponv0v5otw.cloudfront.net/posts/2026/08/07/6a76507e231393d5bcda8071/l_6a7651e97625b112511ff159.jpg|https://di2ponv0v5otw.cloudfront.net/posts/2026/08/07/6a76507e231393d5bcda8071/l_6a76519ab9dd7013d85a26ac.jpg|https://di2ponv0v5otw.cloudfront.net/posts/2026/08/07/6a76507e231393d5bcda8071/l_6a765199946da286cfd26a0d.jpg,,N
L129,eBay,https://www.ebay.com/itm/168715357551?itmmeta=01M37ZMKSQDYZYDRTE80RAHBG8&hash=item2748380d6f:g:iK4AAeSwNkpqtDSm&itmprp=enc%3AAQALAAAAwDKQclQvzFwZQpmMrsO4Lup4eoU0wlntSF9GHi0AqXbBqHU6H4ua25SYoN8rh69yTpnG5dQ0e7pcHxcc%2F46mq%2B1wnkaSOQDehq6FQHkjZS%2F1OodQW2eXFTm%2F0aWkU0W6jsYQk0V9GDB1Cv4JzwnPLYLWSlIgIlC2StZDPllj942MCtDuyg7ff%2FGNdfY7QCSviPyOyyeFq7uFdc0EMe5bPEPKKnp4qxiyW6h07MCOXbcRt%2BW8827zpduU8ZqFJKybGQ%3D%3D%7Ctkp%3ABk9SR5i90v-ZaA,2026-09-23,shoes,CHANEL Brown Leather Slingback Heels Pointed Toe Straps Logo US 5.5,"Condition
Pre-owned - Good: This item has been gently used but is in good condition. It might have a few signs of use, but all imperfections should be shown and described in the seller’s listing. See all condition definitionsopens in a new window or tab
UK Shoe Size
3
Pattern
Solid
Toe Shape
Pointed Toe
Closure
Slip On
US Shoe Size
5.5
EU Shoe Size
36
Color
Brown
Accents
Straps, Logo
Brand
CHANEL
AU Shoe Size
5
Department
Women
Type
Heel
Heel Style
Kitten
Style
Slingback
Theme
Logo
Features
Straps
Upper Material
Leather

Item description from the seller:
they are a size 36, approximately a 5.5-6 in US women’s
the heels are in really good condition, just a little dented in at the top as well as one of insides is showing a bit of wear

SIZE 36 - in US it’s about a 5.5 women’s",,,300.00,Pre-owned - Good,,https://i.ebayimg.com/images/g/iK4AAeSwNkpqtDSm/s-l960.webp|https://i.ebayimg.com/images/g/QKcAAeSwaSpqtDSP/s-l1600.webp|https://i.ebayimg.com/images/g/XTcAAeSwpAVqtDSP/s-l1600.webp|https://i.ebayimg.com/images/g/SWAAAeSwhcRqtDSP/s-l1600.webp|https://i.ebayimg.com/images/g/Re8AAeSwkepqtDSQ/s-l1600.webp|https://i.ebayimg.com/images/g/QY8AAeSwylhqtDSR/s-l1600.webp|https://i.ebayimg.com/images/g/PpEAAeSwVqpqtDSR/s-l1600.webp|https://i.ebayimg.com/images/g/T2IAAeSwaahqtDSR/s-l1600.webp|,,N
L130,eBay,https://www.ebay.com/itm/158330341440?itmmeta=01M37ZMKSQQ7HJ6WTERSBRCNJ1&hash=item24dd394840:g:dZ0AAeSw55tqtBnT&itmprp=enc%3AAQALAAAAwDKQclQvzFwZQpmMrsO4LurS3%2BFH6lXorCrQJP0zmDFDdJCmL4yunBxb5GGFhW%2Bsz1EnJV43pDa3So5SBG21SzV2eWtoFLJ4EHxe55KGxYFe9JNqRb3QoU4SA3qR8HXSvE3i4h6%2BdsU0ZgVKkAX1NcetBFMdt2DbtMPpGPtQCrKR5CphjoLDIRE2TuB30ujsTIXkmXOwQSpxKqYGMkeO56A7nR8u%2BgWxOUvUjcpiYojn%2Fn6pRiq%2BK8VmIMPSumgSZw%3D%3D%7Ctkp%3ABk9SR5q90v-ZaA,2026-09-23,shoes,Cloud Nine Sheepskin Driving Moccasin Slippers Suede Wheat Women’s US 7,"Condition
New with box: This item is brand new and has never been used. It still has the original tags and/or original packaging. See all condition definitionsopens in a new window or tab
Pattern
Solid
Toe Shape
Round Toe
Closure
Slip On
US Shoe Size
7
Occasion
Casual
Lining Material
Sheepskin
Color
Brown
MPN
CNS-104
Fabric Type
Shearling
Heel Height
Flat (Under 1 in)
Accents
Bow
Brand
Cloud Nine Sheepskin
AU Shoe Size
7
Department
Women
Type
Slipper
Model
Driving Mocs
Outsole Material
Rubber
Style
Moccasin
Theme
Classic
Features
Lined
Shoe Width
Standard
Insole Material
Sheepskin
Season
Fall, Winter
Upper Material
Suede

Item description from the seller:
Cloud Nine Driving Moccasin

Genuine sheep skin and suede in wheat

Women’s US 7 / 6.5

New in box - never worn",59.99,,45.00,New with box,100% positive,https://i.ebayimg.com/images/g/dZ0AAeSw55tqtBnT/s-l960.webp|https://i.ebayimg.com/images/g/J-wAAeSweLRqtBnC/s-l1600.webp|https://i.ebayimg.com/images/g/LiAAAeSwTTtqtBnC/s-l1600.webp|https://i.ebayimg.com/images/g/M-kAAeSw4VZqtBnC/s-l1600.webp,,N
L131,eBay,https://www.ebay.com/itm/206577414952?itmmeta=01M37ZMKSSK910XEC4E696NJ53&hash=item3018f93328:g:awwAAeSwuyVqtB-b&itmprp=enc%3AAQALAAAAwDKQclQvzFwZQpmMrsO4LupCbRfwjHFIya7KXUPLXM6lJWGtFzjXPK1tLUgapnRvtQueQzrlogBYng38W3roMr4os7XOPioNk1Qy6f43mwfrXse8UvTI2xTPGlqtatxFlQGFpzrrHAO%2FpEwZ7MaxrWZJE6x7zHmaKWD9ithrb%2F9y%2FBd6YTzr4f0OvW4jRZKdYwWfgtLw4i8WQq5xhdjvtFxfflpRKTFE5t8Whl3dhEve0qUfPr%2FaZc8KPKbCumtDyg%3D%3D%7Ctkp%3ABk9SR6C90v-ZaA,2026-09-23,shoes,Simone Rocha Classic Pleated Toe Ballerina Flats Gold Mary Jane EU 39,"Condition
Pre-owned - Good: This item has been gently used but is in good condition. It might have a few signs of use, but all imperfections should be shown and described in the seller’s listing. See all condition definitionsopens in a new window or tab
UK Shoe Size
6
Pattern
Solid
Toe Shape
Square Toe
Closure
Buckle
US Shoe Size
9
EU Shoe Size
39
Color
Gold
Accents
Buckle, Bow
AU Shoe Size
8
Brand
Simone Rocha
Department
Women
Type
Flat
Outsole Material
Leather
Style
Mary Jane
Features
Mary Jane
Shoe Width
M
Upper Material
Leather

Item description from the seller:
Beautiful Simone Rocha metallic gold Mary Jane ballet flats in European size 39. These statement flats feature a gorgeous crinkled/textured metallic gold finish with a softly gathered/pleated toe, delicate pale pink/nude bow detail, and adjustable Mary Jane strap. A feminine, whimsical Simone Rocha design that looks fantastic dressed up or paired with denim. Made in Portugal. Details: * Designer: Simone Rocha * Size: EU 39 * Color: Metallic gold * Style: Mary Jane / ballet flat * Adjustable buckle strap * Bow detail at toe * Gathered/pleated toe design * Leather soles * Made in Portugal Condition: Pre-owned. The metallic gold uppers remain very attractive with normal creasing/wrinkling consistent with the design and wear. Leather soles show visible wear, discoloration and scuffing from use. Please review all photos carefully as they are part of the condition description. A fabulous statement shoe for parties, holidays, weddings, special occasions or anyone who loves distinctive designer footwear.",,,375.00,Pre-owned - Good,100% positive,https://i.ebayimg.com/images/g/awwAAeSwuyVqtB-b/s-l960.webp|https://i.ebayimg.com/images/g/YwMAAeSwlYNqtB-L/s-l1600.webp|https://i.ebayimg.com/images/g/a0MAAeSw6OVqtB-L/s-l1600.webp|https://i.ebayimg.com/images/g/bZ4AAeSw3CxqtB-L/s-l1600.webp|https://i.ebayimg.com/images/g/ZbYAAeSw2EJqtB-L/s-l1600.webp|https://i.ebayimg.com/images/g/a0sAAeSw6OVqtB-M/s-l1600.webp|https://i.ebayimg.com/images/g/ZD8AAeSwaSpqtB-M/s-l1600.webp|https://i.ebayimg.com/images/g/dSQAAeSwQLZqtB-M/s-l1600.webp|https://i.ebayimg.com/images/g/ch4AAeSweiRqtB-M/s-l1600.webp|,,N
L132,eBay,https://www.ebay.com/itm/398424844170?itmmeta=01M3802RY3GDTDR65DYR9DSC1P&hash=item5cc3f8a78a:g:h98AAeSwtctqtBwM&itmprp=enc%3AAQALAAAAwDKQclQvzFwZQpmMrsO4LurFzrlRAgIFxlyzmFr6NZgTJtOsMn%2FLurzWahdG8nAQpqiCenVqP57bJJnyu1TUGSZzvEaqeJ%2F87E9NFvxcrY54M116tBN4I1PqQmS4liqz52hb2ZEjpkD6tcGzjxugOxrNH24LaVmKBSFvOke9toQHVXmsS1DsP3AwPnI8luUkHtveBVuMyHQvYE%2B%2BMftBoK8kkZ2uyAc5yniyqUGd0VP%2FKeVw24bNLl41MCAnwZzTPA%3D%3D%7Ctkp%3ABk9SR6CPi4CaaA,2026-09-23,jewelry,"14k YG Lab Created Diamond Flexible Bangle, 4.0cts Lab Created Diamonds","Condition
New with packaging: This item is brand new and has never been worn. It still has the original packaging. See all condition definitionsopens in a new window or tab
Antique
No
Main Stone Creation
Lab-Created
Shape
Round
Occasion
Anniversary, Engagement
Color
Yellow
Charm Type
Traditional
Metal
Yellow Gold
Secondary Stone
No Stone
Main Stone
Diamond
Vintage
No
Personalize
Yes
Setting Style
Prong
Brand
Unbranded
Type
Bracelet
Metal Purity
14k
Main Stone Shape
Round
Diamond Color Grade
F
Style
Bangle
Base Metal
Gold
Gemstone Clarity Grade
Eye Clean
Theme
Beauty
Handmade
Yes
Country of Origin
United States

Item description from the seller:
14k YG Flexible Lab Diamond Bangle Bracelet 6.5"" comfortable, versatile, timeless. 4.0cts of round brilliant lab diamonds, gemologist certified, ships from Los Angeles",,,"2,310.00",New with packaging,,https://i.ebayimg.com/images/g/h98AAeSwtctqtBwM/s-l1600.webp|https://i.ebayimg.com/images/g/I7gAAeSw0jJqtBoT/s-l1600.webp|https://i.ebayimg.com/images/g/d8UAAeSwrcFqtBpK/s-l1600.webp|https://i.ebayimg.com/images/g/x-IAAeSwaNtqtBpR/s-l1600.webp|https://i.ebayimg.com/images/g/h98AAeSwtctqtBwM/s-l1600.webp|,"tagged by ebay with ""Authenticity Guarantee"" tag",N
L133,eBay,https://www.ebay.com/itm/168713063091?itmmeta=01M3806HY66676C4HGWQEJP2QV&hash=item2748150ab3:g:iqMAAeSwYylqs5pB&itmprp=enc%3AAQALAAAAwD8du%2BjVlrWqMmolE0DBMUW6gUvP652bq5baCyJ0MNM93Tk%2Ff6gfD9L3%2BqNkyvLEtOvFXHqJC3QaRj%2BcCjRZrvt1uWQMXdUL2%2FqkkCBN9VDmm%2BM21Vyoolv7AWdWRD9fEQrakl2RZyt4UoaMd2om0u%2FQc4m%2BzeEJUPY38Pot8MXxjuOiXaBOZ6wUR%2BE0ybMkC%2BDxl%2BzaBINsjosfpvHrpoVD2Gra%2B58mSCT5MwI8RrTQOkh%2BQWC0%2FuA6RYFP3v0kXw%3D%3D%7Ctkp%3ABk9SR7SfmoCaaA,2026-09-23,jewelry,Mejuri 14k Gold Croissant Ring Size 7,"Condition
Pre-owned - Excellent: This item has been previously worn; however, it is in excellent condition. Any signs of wear should be shown and described in the seller’s listing. See all condition definitionsopens in a new window or tab
Antique
No
Seller Warranty
Yes
Color
Yellow
Metal
Yellow Gold
Materials sourced from
United States
Vintage
No
Main Stone
No Stone
Personalize
Yes
Ring Size
7
Setting Style
Pavé
Brand
mejuri
Type
Ring
Metal Purity
14k
Style
Dome
Base Metal
Gold
Features
Stackable
Handmade
Yes

Item description from the seller:
The Mejuri 14k Gold Croissant Ring in size 7 is a beautifully crafted piece of fine jewelry with a modern and elegant design. Made with high-quality yellow gold and sourced from the United States, this ring is both stylish and sustainable. The personalized touch and stackable feature make it a versatile addition to any jewelry collection. The croissant dome ring is a very popular style that has been discontinued. Now it’s your chance to own this beautiful timeless piece.",,,350.00,Pre-owned - Excellent,100% positive,https://i.ebayimg.com/images/g/iqMAAeSwYylqs5pB/s-l1600.webp|https://i.ebayimg.com/images/g/bbsAAeSwa6Jqs5pC/s-l1600.webp|https://i.ebayimg.com/images/g/cegAAeSwJTZqs5pC/s-l1600.webp|https://i.ebayimg.com/images/g/gjwAAeSwPhtqs5pC/s-l1600.webp,,N
L134,eBay,https://www.ebay.com/itm/318904192925?itmmeta=01M380BG9HDGTZ6E752HFJ01K0&hash=item4a402bcf9d:g:-NoAAeSwp7BqspYc&itmprp=enc%3AAQALAAAAwD8du%2BjVlrWqMmolE0DBMUWBaQFQuVuFo3zf3RJrf0edyN7OaoEFQ%2FwICfSyyXPWm6WsS7xHcY91jhd1Xmvbsub0IIMGv9rI4jLvZeojXhoMLfxTUq2Ifzlqf9%2B34%2B%2FbiBNCZUKK7J4TM4mAJbDjtFtOz%2FNOH1I3o9VbTkNoaq0Vj4uCv%2Bg5EAbTB%2FiZGqIx3LEtRnGb4oD8H0AstShZIkMeeqW02NE7jiKQ%2F63s2ZNdCEw9S9n5w6AIEvtIUDGhIA%3D%3D%7Ctkp%3ABk9SR4KFroCaaA,2026-09-23,jewelry,Zales 14K White Gold Diamond Vertical Bar Pendant Necklace,"Condition
New with imperfections: This item is brand new, has never been worn, but may include small handling marks from storage or display. New items with irregularities may fall into this category. See all condition definitionsopens in a new window or tab
Pendant Shape
Rectangle
Number of Diamonds
5
Closure
Spring Ring
Occasion
Anniversary, Birthday, Wedding
MPN
V06 D5
Main Stone Color
White/Colorless
Metal
White Gold
Secondary Stone
No Stone
Necklace Length
18 in
Main Stone
Diamond
Main Stone Treatment
Not Enhanced
Main Stone Shape
Round
Pendant/Locket Type
Charm
Base Metal
White Gold
Style
Pendant
Features
Pendant
Number of Gemstones
5
Chain Type
Cable
Main Stone Creation
Natural
Color
White
Material
Metal
Total Carat Weight
0.20 ctw
Materials sourced from
China
Brand
Zales
Setting Style
Prong
Type
Necklace
Metal Purity
14k
Colored Diamond Intensity
White
Theme
Beauty

Item description from the seller:
The Zales 14K White Gold Diamond Vertical Bar Pendant Necklace is a stunning piece of fine jewelry that features a rectangular pendant shape with three round white diamonds. Crafted from white gold with a prong setting, this pendant exudes beauty and elegance with its natural diamond accents. It is a timeless and sophisticated choice for those looking to add a touch of luxury to their jewelry collection.",,,700.00,New with imperfections,100% positive,https://i.ebayimg.com/images/g/-NoAAeSwp7BqspYc/s-l960.webp|https://i.ebayimg.com/images/g/iJkAAeSwrXNqspYN/s-l1600.webp|https://i.ebayimg.com/images/g/snIAAeSwyLRqspYN/s-l1600.webp|https://i.ebayimg.com/images/g/EpcAAeSwBR1qspYN/s-l1600.webp|https://i.ebayimg.com/images/g/ofcAAeSwK~JqspYN/s-l1600.webp|https://i.ebayimg.com/images/g/5msAAeSwkcxqspYM/s-l1600.webp|https://i.ebayimg.com/images/g/3tsAAeSwL6tqspYN/s-l1600.webp|,"tagged by ebay with ""Authenticity Guarantee"" tag",N
L135,eBay,https://www.ebay.com/itm/407237422615,2026-09-23,handbag,Saint Laurent Black YSL Envelope Logo Bag w/Chain Gold Chain Straps,"Condition
Pre-owned - Good: This item has been gently used but is in good condition. It might have a few signs of use, but all imperfections should be shown and described in the seller’s listing. See all condition definitionsopens in a new window or tab
Bag Width
9.8 in
Shape
Rectangle
Closure
Magnetic
Handle/Strap Color
Black, Gold
Occasion
Casual
Size
Large
Handle Drop
3.1 in
Hardware Color
Gold
Bag Depth
4.7 in
Fabric Type
Canvas
Accents
Quilted, Logo
Accessories
Bag Charm
Department
Women
Exterior Color
Black
Style
Shoulder Bag
Features
Chain Strap
Finish
Quilted
Pattern
Quilted
Bag Height
7.9 in
Character
YSL
Handle Style
Shoulder Strap
Lining Material
Fabric
Exterior Material
Leather
Brand
Saint Laurent
Hardware Material
Metal
Model
envelope
Lining Color
Black
Theme
Designer
Strap Drop
18.5 in
Handle/Strap Material
Leather, Metal
Product Line
Saint Laurent College

Item description from the seller:
Saint Laurent Black YSL Envelope Logo Bag w/Chain Gold Chain Straps",,,700.00,Pre-Owned - Good,,https://i.ebayimg.com/images/g/2d0AAeSwH7pqsuSk/s-l1600.webp|https://i.ebayimg.com/images/g/43MAAeSwuGtqsuMX/s-l960.webp|https://i.ebayimg.com/images/g/3JgAAeSw-hVqsuLs/s-l1600.webp|https://i.ebayimg.com/images/g/mmQAAeSwJWpqsuLs/s-l1600.webp|https://i.ebayimg.com/images/g/m6EAAeSwyPRqsuLs/s-l1600.webp|https://i.ebayimg.com/images/g/ruoAAeSwPCtqsuLt/s-l1600.webp|https://i.ebayimg.com/images/g/tG4AAeSw9-lqsuSk/s-l1600.webp|https://i.ebayimg.com/images/g/18AAAeSwO7JqsuSk/s-l1600.webp,"tagged by ebay with ""Authenticity Guarantee"" tag",N
L136,eBay,https://www.ebay.com/itm/307195292961,2026-09-23,handbag,Louis Vuitton Pochette Félicie Black Monogram Empreinte Leather Crossbody,"Condition
New without tags: This item is brand new and has never been used, but doesn’t have tags and/or is missing the original packaging. The item doesn’t have flaws or imperfections. See all condition definitionsopens in a new window or tab
Pattern
Monogram
Shape
Rectangle
Closure
Snap
Handle/Strap Color
Gold
Handle Style
Crossbody Strap
Size
Small
Hardware Color
Gold
Exterior Material
Leather
Vintage
No
Brand
Louis Vuitton
Personalize
No
Accessories
Detachable Strap
Department
Women
Hardware Material
Gold-Plated
Lining Color
Black
Exterior Color
Black
Style
Crossbody
Theme
Designer
Features
Chain Strap
Finish
Louis Vuitton Empreinte
Handmade
No
Handle/Strap Material
Metal

Item description from the seller:
Authentic Louis Vuitton Pochette Félicie in black Monogram Empreinte leather with gold-tone chain.

This beautiful bag is in excellent/like-new condition and has been very well cared for. The exterior leather, corners, chain, and interior are all in excellent condition with minimal to no visible signs of wear.

Please note: The original removable interior inserts (card holder and zippered pouch) are not included. This listing is for the handbag and gold-tone chain only.

Color: Black
Material: Monogram Empreinte leather
Hardware: Gold-tone
Included: Louis Vuitton Pochette Félicie handbag + chain
Condition: Excellent / Like New

Please review all photos carefully, as they are part of the description. Feel free to message me with any questions.",,,"1,000.00",New without tags,,https://i.ebayimg.com/images/g/FKAAAeSw2m9qtC6Z/s-l1600.webp|https://i.ebayimg.com/images/g/~pIAAeSwmFhqtC6a/s-l1600.webp|https://i.ebayimg.com/images/g/~boAAeSwWfhqtC6a/s-l1600.webp|https://i.ebayimg.com/images/g/~88AAeSwaSpqtC6a/s-l1600.webp|https://i.ebayimg.com/images/g/B3QAAeSwWw1qtC6a/s-l1600.webp|https://i.ebayimg.com/images/g/F~AAAeSwTTtqtC6b/s-l1600.webp|https://i.ebayimg.com/images/g/~NsAAeSwxgRqtC6b/s-l1600.webp|https://i.ebayimg.com/images/g/BpkAAeSwqYxqtC7F/s-l1600.webp|,"tagged by ebay with ""Authenticity Guarantee"" tag",N
L137,eBay,https://www.ebay.com/itm/168703202921?itmmeta=01M380TA5AMSVF88KMQC92JQ5Z&hash=item27477e9669:g:BOYAAeSwTvFqsEWe&itmprp=enc%3AAQALAAAA4DKQclQvzFwZQpmMrsO4LuqZUwPlPr2UCT0fI1%2Fi%2BdpgrJQhM%2BXHi2td%2B2gChcq75PTL5BDj7ujrAG%2F28cLZ00aAUwsgj6WU2Lib79VEjIkznp2iAaayC4WwGiCf542fLk9fsnZPZfKSDDxdxTPpG%2F5opasCRqsNKZX1REXWF4VBqqBas2mrvl%2FLaAD4a7YKUUqZyo2UsXpIARkeGM7XJERJal4SGttlvxYXP8JCcy2VxFVwfcSlzlpBan9vcIAe7RFuTA%2BkEayRdEBlZ%2BSfaaHXqgqG%2BIj4%2BFHZeVlEN5fB%7Ctkp%3ABk9SR_Si6YCaaA,2026-09-23,handbag,Vintage COACH 7463 Soho/Hamptons hobo shoulder bag Y2K 2004 - original dust bag,"Condition
Pre-owned - Excellent: This item has been previously worn; however, it is in excellent condition. Any signs of use should be shown and described in the seller’s listing. See all condition definitionsopens in a new window or tab
Bag Width
12 in
Shape
Rectangle
Closure
Zip
Occasion
Shoulder Bag
Handle/Strap Color
Black
Size
Medium
Hardware Color
Silver
Bag Depth
8 in
MPN
7463
Fabric Type
Rayon
Accents
Buckle Accent, Tassel, Zipper
Vintage
Yes
Personalize
No
Accessories
Bag Charm
Department
Women
Exterior Color
Black
Style
Shoulder Bag
Features
Inner Pockets, Mobile Phone Pocket, Outer Pockets
Finish
Matte
Handmade
No
Pattern
Solid
Bag Height
9 in
Handle Style
Shoulder Strap
Lining Material
Fabric
Exterior Material
Leather
Brand
Coach
Hardware Material
Nickel
Model
Y2K
Lining Color
Black
Theme
Classic
Handle/Strap Material
Leather
Country of Origin
China
Product Line
Coach Hampton

Item description from the seller:
This Coach shoulder bag is highly sought after 2004 Coach Hamptons Soho Buckle hobo bag in smooth glove-tanned leather. This curved crescent hobo silhouette features polished silver-tone Nickel buckle and accents. It is classic black with contrasting white topstitching. Thick adjustable shoulder strap with buckle loops. The leather is supple and clean, all stitching is in tact, hardware is bright with minimal hairline scratches. This bag has been kept in its original dust bag in climate controlled, pet/smoke free storage. Interior lining is completely free of stains, ink, rips, or odors. 

Beautiful new without tags condition!",,,289.00,Pre-owned - Excellent,100% positive,https://i.ebayimg.com/images/g/BOYAAeSwTvFqsEWe/s-l1600.webp|https://i.ebayimg.com/images/g/rxYAAeSwZXtqsEWk/s-l1600.webp|https://i.ebayimg.com/images/g/b7cAAeSw34pqsEWm/s-l1600.webp|https://i.ebayimg.com/images/g/sSQAAeSw-0FqsEdt/s-l1600.webp|https://i.ebayimg.com/images/g/pJEAAeSwf9tqsEdr/s-l1600.webp|https://i.ebayimg.com/images/g/gQ0AAeSwZsZqsEWo/s-l1600.webp|https://i.ebayimg.com/images/g/ahQAAeSwWP1qsEWr/s-l1600.webp|https://i.ebayimg.com/images/g/eNAAAeSwnsxqsEWs/s-l1600.webp|https://i.ebayimg.com/images/g/jx4AAeSwnJNqsEWu/s-l1600.webp|,,N
L138,eBay,https://www.ebay.com/itm/198662353405?itmmeta=01M380YAP0RNSHBAHG1PHE2K24&hash=item2e4132f1fd:g:lLkAAeSwoLZqtB2C&itmprp=enc%3AAQALAAAAwDKQclQvzFwZQpmMrsO4LuoEZDGr%2B7Y8eGxFv3%2FYuYsosshG2xczJ7M41qzacRkgmWG%2B9wiqfevTsjREmBu%2FK9N0lPC9b2qMHA%2BqGN%2Bioog3TSjM64lxDSGBW3AVUaut2Cptp5ahnH68CKhIMFId3%2FFnlc0IUwxdcTYoFa%2Bmbj9tpDzz5%2FmOxbpiAbeDWSUYdCd%2FDccXNQc4xlLTdIa3EcONJ0qhkErj05rTzE6VAUW1BYgn8HYfMMkwjHF7Vonedw%3D%3D%7Ctkp%3ABk9SR6ir-YCaaA,2026-09-23,handbag,Balenciaga Black Animal Print Shoulder Bag Gold Chain Strap BB Logo Dust Bag,"Condition
Pre-owned - Good: This item has been gently used but is in good condition. It might have a few signs of use, but all imperfections should be shown and described in the seller’s listing. See all condition definitionsopens in a new window or tab
Bag Width
2 in
Shape
Rectangle
Closure
Magnetic
Occasion
Casual
Handle/Strap Color
Gold
Size
Small
Hardware Color
Gold
Bag Depth
3 in
Fabric Type
Embossed
Accents
Logo, Chain
Accessories
Original Dust Bag
Department
Women
Exterior Color
Black
Style
Shoulder Bag
Features
Chain Strap, Inner Pockets
Finish
Stamped/Embossed
Pattern
Animal Print
Bag Height
5 in
Handle Style
Shoulder Strap
Lining Material
Leather
Exterior Material
Leather
Brand
Balenciaga
Lining Color
Black
Theme
Designer
Handle/Strap Material
Metal

Item description from the seller:
💯 Authentic
Chic and classy",,,500.00,Pre-Owned - Good,,https://i.ebayimg.com/images/g/lLkAAeSwoLZqtB2C/s-l960.webp|https://i.ebayimg.com/images/g/WGsAAeSwe-lqtB1S/s-l1600.webp|https://i.ebayimg.com/images/g/WscAAeSwJh9qtB1S/s-l1600.webp|https://i.ebayimg.com/images/g/SjIAAeSw-YBqtB1S/s-l1600.webp|https://i.ebayimg.com/images/g/UOQAAeSwTD9qtB1T/s-l1600.webp|https://i.ebayimg.com/images/g/U1gAAeSwJ4ZqtB1T/s-l1600.webp|https://i.ebayimg.com/images/g/VBUAAeSwJ4ZqtB1m/s-l1600.webp|,"tagged by ebay with ""Authenticity Guarantee"" tag",N
L139,eBay,https://www.ebay.com/itm/237086579141?_skw=womens+clothing&itmmeta=01M3813AWG4VYDNMGX98J6XV1Z&hash=item37337619c5:g:T88AAeSwFwNqtCAh&itmprp=enc%3AAQALAAAA0GfYFPkwiKCW4ZNSs2u11xB8SJ1J0njFCdb%2BXcgdDCzoa4%2B0dy7imVgiEaP6gzciS%2FfLGJ4v2rhhl7YKQGGr6KgKp1ch55D6raKpSzP3BRxAVGdIBEKrUAzfJt%2FfNfpVAnCEsZpB4EYJdnp6HpirtwPgQzVjq2Ehe9swkV7UsNMdOTQa%2BC6XXwYjZKL5EzmDdi5MkAWLKlS4n4KOXsRRvukeZDFigYubrLJso%2FxWVLf8MRr6gfPm5EHdg7pgnQGvG8swdwxqHV%2BzS9w1wL33udM%3D%7Ctkp%3ABk9SR4KvjYGaaA,2026-09-23,clothing,Talbots Women's Periwinkle Utility Jacket Button Front Collared Pockets Cotton M,"Condition
Pre-owned - Excellent: This item has been previously worn; however, it is in excellent condition. Any signs of wear should be shown and described in the seller’s listing. See all condition definitionsopens in a new window or tab
Pattern
Solid
Jacket/Coat Length
Short
Outer Shell Material
Cotton
Sleeve Length
Long Sleeve
Closure
Button
Occasion
Casual
Size
M
Garment Care
Machine Washable
Color
Purple
Fabric Type
Twill
Accents
Button, Collared, Pockets
Fit
Classic
Brand
Talbots
Size Type
Regular
Department
Women
Type
Jacket
Style
Utility
Features
Pockets
Season
Fall, Spring

Item description from the seller:
Talbots Women’s Twill Military Utility Jacket – Muted Purple / Dusty Orchid🏷️ Product DescriptionUp for sale is a beautiful, classic Talbots cotton twill utility field jacket in a lovely muted purple/dusty orchid shade. This versatile, structured piece blends functional military-inspired styling with a feminine everyday aesthetic, making it the perfect lightweight layer for spring and fall.",,,16.00,Pre-Owned - Excellent,,https://i.ebayimg.com/images/g/T88AAeSwFwNqtCAh/s-l960.webp|https://i.ebayimg.com/images/g/Z3wAAeSw~XRqtB~O/s-l1600.webp|https://i.ebayimg.com/images/g/cb8AAeSwmIRqtB~T/s-l1600.webp|https://i.ebayimg.com/images/g/bIwAAeSwTy1qtB~Y/s-l1600.webp|https://i.ebayimg.com/images/g/aDoAAeSwrvBqtB~2/s-l1600.webp|https://i.ebayimg.com/images/g/ZBQAAeSwaTFqtCAH/s-l1600.webp|,,N
L140,eBay,https://www.ebay.com/itm/394335541222?_skw=womens+clothing&itmmeta=01M3816NY6ASQZH7KF5EX36QG1&hash=item5bd03ad7e6:g:Iy8AAOSwnc5jc5MN&itmprp=enc%3AAQALAAAA8GfYFPkwiKCW4ZNSs2u11xDE5eCgmYyrz1lAHyza4tbb1OQsAI7%2FrcP4EcKDjNpvIYO77iLZt%2FXXeOibwSCTYhcK7yCkn3LwY4fO6b7QbUFgAbpvwFmD2m5lKt64M2YYXQTj9sVQVzmUA6icEieUEBJs7psgZOGBnHEaveHWULpUlo%2Beb7UFWMf37IETfZlLHkUKRlYxkot7x%2BF3vnzs9OF15Wi%2BJI4L1YEMU%2F1crWrrmZvVEutC15Ez0%2BvA%2BMtFjysLc885ciTp6bhCLV7rOJthlUE1Qvw%2BfUVvahnR1W0dNn9DLu53OIgmTFhoQACytg%3D%3D%7Ctkp%3ABFBM8N-agZpo,2026-09-23,clothing,women’s leather jacket,"Condition
Pre-owned - Good: This item has been gently used but is in good condition. It might have a few signs of wear, but all imperfections should be shown and described in the seller’s listing. See all condition definitionsopens in a new window or tab
Outer Shell Material
Leather
Pattern
Solid
Jacket/Coat Length
Mid-Length
Closure
Zip
Occasion
Casual, Workwear
Size
40
Color
Brown
Lining Material
Leather
Fabric Type
Satin
Accents
Zipper
Vintage
No
Brand
Unbranded
Insulation Material
Polyester
Size Type
Regular
Type
Jacket
Department
Unisex Adults
Model
Easy Rider
Style
Motorcycle Jacket
Theme
Motorcycle
Features
Lightweight, All Seasons
Season
Winter, Spring, Fall
Country of Origin
China

Item description from the seller:
women’s leather jacket in great shape no defects

Top gun style Bombay jacket comes from non smoking home, size 40 in Europe.
Soft lamb skin leather , No flaws, soft leather , zipper , great for motorcycle riders, clean in great condition.",,,199.00,Pre-Owned - Good,100% positive,https://i.ebayimg.com/images/g/Iy8AAOSwnc5jc5MN/s-l1600.webp|https://i.ebayimg.com/images/g/OlQAAOSwTwVjc5MO/s-l1600.webp|https://i.ebayimg.com/images/g/PMIAAOSw0NJjc5MQ/s-l1600.webp|https://i.ebayimg.com/images/g/rEQAAOSw20Njc5MS/s-l1600.webp,,N
L141,Vinted,https://www.vinted.com/items/10112805878-brandy-melville-green-babydoll-top?homepage_session_id=c06d564d-a598-4f7d-8f2c-5afde37db030,2026-09-23,clothing,Brandy Melville Green Babydoll top,"BrandBrandy Melville
Size
One size
Condition
New without tags
Color
Green
Uploaded
19 min ago
Brand new w/o tags Brandy Melville (John Galt) green babydoll tank top with buttons. Super cute just a little too big on me. Asking for what I paid but willing to negotiate a bit",,,25.90,New without tags,,https://images1.vinted.net/t/01_00869_rWkHc9zp78b4bYWmsHsjbRHh/f800/82c9a7bc.webp?s=f1c5a69fd424db25756a52e783cd3d33cc9bf4e9|https://images1.vinted.net/t/02_012f1_tXkZH66hQBALKcKVGNZdueXN/f800/204cb25d.webp?s=7e77e132ee2ee7d382529bad13deb052dbbf2207|https://images1.vinted.net/t/06_014d9_u6VxZfdrJ7keLcuZv1Tujk5s/f800/25ac99f1.webp?s=da1f1b2170663ceaf047941e20e992da50f4d02e|,,N
L142,Vinted,https://www.vinted.com/items/10088819392-michael-kors-bag?referrer=catalog,2026-09-23,handbag,Michael Kors bag,"BrandMichael Kors
Condition
Very good
Color
Black
Uploaded
2 days ago
Very clean!! Only used a handful of times, like new! This Michael Kors satchel in black is a sophisticated accessory that combines elegance with functionality. Crafted from premium materials, it features striking chain-link details on the handles (long strap is removable), adding a touch of modern flair. Its spacious interior and classic design make it an ideal choice for any occasion.",,,63.70,Very Good,"Frequent Uploads
Speedy Shipping",https://images1.vinted.net/t/01_021e7_mv48hxJtfXSmeHjsU9cKoZdW/f800/f085c515.webp?s=7ae7cf4290bc85ed67bafedff7e09874ea697ac7|https://images1.vinted.net/t/06_02131_NbM7vwoBiZMPXEhhSxyz3WFM/f800/d7641cf7.webp?s=ec332432cd4a88b271f4d5f4e09e55a76918d04b|https://images1.vinted.net/t/02_01cc8_XfFoNhSrk7eQu6j9dF3fgHPM/f800/12cb6896.webp?s=63e5d48e211c9c83e9f1edec75759e72db36ccd4|https://images1.vinted.net/t/01_00308_YJG2DaxgLFt6qdW9wQMwWDC6/f800/221f58e3.webp?s=503a5dbcdfe2d70fce8eee1eb484f95f21652736|https://images1.vinted.net/t/05_00009_vUvMM2srL1pXxSXJYCiLinzi/f800/79d37ee3.webp?s=c588231df7f8ac865ad4a7b1f6322c517af7b035|https://images1.vinted.net/t/06_025e3_BzZADG8gUDfYt2ukqnb91SqX/f800/3fffac6f.webp?s=ca32ad3ffe2ef54c8fd52636bcd04850595de307|,"reputation tags mean:
Frequent Uploads = Regularly lists 5 or more items.
Speedy Shipping = Sends items promptly — usually within the next 24 hours.",N
L143,Vinted,https://www.vinted.com/items/10112244875-kate-spade-bucket-bag?referrer=catalog,2026-09-23,handbag,kate spade bucket bag,"BrandKate Spade
Condition
Good
Color
Light blue, Turquoise
Uploaded
an hour ago
retired style. has wear on hardware and some small stains that are hardly seen while wearing.",,,32.20,Good,Speedy Shipping,https://images1.vinted.net/t/02_00901_Z2fPThWri74VJf6Jykp7Tv24/f800/1430345c.webp?s=cffb9347ae4a978b92ba1460065aed278e0a1fd7|https://images1.vinted.net/t/04_02081_PzMs3ojD7sDhiCBhmaozFWbe/f800/5a7a1e4a.webp?s=0d16a45e6d6843643e48680bc307e758d6d571e9|https://images1.vinted.net/t/02_02512_iyRVZ66ST2SMrYxzZfZNAdtf/f800/55569b21.webp?s=5ddd9d5249b1cd388f4e4fe6f0a8212ae27bb3ad|https://images1.vinted.net/t/02_0079e_7KwG8YfBN5ZFodkMEgNVVZUo/f800/dede8234.webp?s=c2acca4e4df49ef449a95848b6dd7378339d79bc|https://images1.vinted.net/t/02_0196a_odiWHY32RMV4ScanXY2dF6a2/f800/3a1d9b70.webp?s=9b8fc7a4b4214738e8c330c765c672c471549001|,,N
L144,Vinted,https://www.vinted.com/items/10075144052-1-mini-black-nylon-hand-pouch-brown-faux-leather-flap-small-top-handle-bag?referrer=catalog,2026-09-23,handbag,"1. Mini Black Nylon Hand Pouch, Brown Faux Leather Flap Small Top Handle Bag","BrandLongchamp
Condition
Very good
Color
Black
Uploaded
3 days ago
Compact mini bag made of lightweight black nylon, decorated with brown textured faux leather flap and small top handles. Features metal snap closure and zipper opening for secure storage.
Perfect size to hold lipsticks, cards, keys, earbuds and other tiny daily essentials. Can be used as a makeup pouch or a cute small handbag for quick outings.",,,63.70,Very Good,,https://images1.vinted.net/t/01_00857_WCn3abqHQadJmr1YrZo4cde5/f800/d5bbe513.webp?s=fc0a9f32b92a1b6e7fcacf327fc859f98be764fc|https://images1.vinted.net/t/05_0243f_XLTgvUYpQGQDvpCeASEM1TBh/f800/bd08eb39.webp?s=4df8c38786914684c34495ba45354733abbcb32e|https://images1.vinted.net/t/01_0007a_jth915gie2MSzY7ryduWt61a/f800/60ed4046.webp?s=1ea29c909e34e6c491e9a79aef33562f513e6dc5|https://images1.vinted.net/t/02_00e82_i2kHX1UTFBq4xd58cDzyVgnU/f800/172e1b59.webp?s=76a25b6e4558fcc076fcd0386d8bb1363db5e54e|https://images1.vinted.net/t/02_00282_mNLBxVzgNbCSJe5u3FPGHf3N/f800/6566e1fe.webp?s=70502bb64f9a82f3879500670cb5f9f048d8de00|https://images1.vinted.net/t/02_01edc_KsknbjnAPgDwUGKc1aMPxC5m/f800/b906647d.webp?s=054c0d3714ef3cf4d319b63b08c3dbe967730a0av|https://images1.vinted.net/t/05_01de2_admATY77WnjNKZSP2ad995AG/f800/b1dae720.webp?s=bd3a8a15720f0ca2ac973ed58fae9bdbd8992148|https://images1.vinted.net/t/06_026a1_5XcRu43p7m5LG6hnUXpevDkX/f800/fa5a0f11.webp?s=63cdd8445ca9064738120845f15615dee2101c93|https://images1.vinted.net/t/06_026f8_6EyXnQT2jmjGuFw65bGcxAjf/f800/84206e57.webp?s=d8c4853c94d7c6840d62672d4d93a5adb2b2093c|,,N
L145,Vinted,https://www.vinted.com/items/10112127762-coach-cream-and-snake-print-purse?referrer=catalog,2026-09-23,handbag,Coach cream and snake print purse,"BrandCoach
Condition
Very good
Material
Leather
Color
White
Uploaded
an hour ago
Selling my cream colored coach bag with snake print detail. Strap included
Pebble leather",,,79.45,Very Good,,https://images1.vinted.net/t/02_00263_d6EDiTZ6GLgsJMvMJbnh7kZJ/f800/6f01a6c8.webp?s=3c709edd2bd600e8459483ded6d6c23360a53bb8|https://images1.vinted.net/t/02_00c52_YRM43dfT5iwiWeUai6vk64jp/f800/ec093f09.webp?s=d9f0d46d4aadc6ce61f482e18e01a6eb88edcf93|https://images1.vinted.net/t/01_013b4_reuUPuGwStDCpMab5i9ubMYX/f800/44d99885.webp?s=6d3b64bbcac20405b9952c02e77f628e00db77e5|,,N
L146,Vinted,https://www.vinted.com/items/10112797967-womens-8-white-on-cloud-swift?homepage_session_id=9f7cc11f-369e-4db4-b184-6fa571486ab3,2026-09-23,shoes,Women’s 8 White On Cloud Swift,"BrandOn Cloud
Size
8
Condition
Very good
Material
Foam
Color
White
Uploaded
27 min ago
Excellent gently used condition. Has a snug, sock like fit (may need to half size up if you have a high arch). No holes or tears. Great tread condition. Has some signs of general use (see photos) but overall in great condition with a lot of life left.",,,79.45,Very Good,"Frequent Uploads
Speedy Shipping",https://images1.vinted.net/t/02_00781_rmJxy8XY4d3zySSitnw5M5u7/f800/66e25da2.webp?s=41503889d5f645b9745da7af8a1c84552ed982db|https://images1.vinted.net/t/01_019b8_DFYudWLhww6bku15epJLf8TJ/f800/feacd631.webp?s=bf1d0e0b266be496fdb39a89966881ca9971e4e4|https://images1.vinted.net/t/02_01f20_fE8yz8v12mfTYa6fYM7B6Dhq/f800/eff7b97d.webp?s=6c36242a61be8a8af0bfe96c4ae6b7d6e93f5ecd|https://images1.vinted.net/t/01_017bb_GYGCPRDNMPYdaLupxUDJU4ks/f800/3455f25f.webp?s=85745af3a0242f57c8dd8eb7ba1e1e862ae5fef1|https://images1.vinted.net/t/06_00aba_J8ikTxB81cXbmb5CtkP8CaS4/f800/41048475.webp?s=52667b09356c993741db6ed54c9ee8a1a305bad4|https://images1.vinted.net/t/05_01fd1_8yMCxSZqgiecztBYanNfQhwP/f800/e974f90e.webp?s=c8a2a3ede5f2d18bdb3d2996805ddd59f4180dfb|https://images1.vinted.net/t/01_0024e_FGqqQpqNops1Q8n88YDu2UqY/f800/e45c60b4.webp?s=e4b999dd971dac6436459b1deccf7ee503a6fd34|https://images1.vinted.net/t/04_01ea4_1LDwa2fxUEHhHhaDD18Cn5DB/f800/ceedf390.webp?s=b4dc7518e0566983979c4c3bf0e314a4fae56df1|https://images1.vinted.net/t/02_02116_PUVcFiXv9FktRGwX7H7oAV9h/f800/f5caf27a.webp?s=e59d1a5f4dab9440a8275110f09a404af4421ebc|https://images1.vinted.net/t/01_012ea_Va2d8PKBjUiCChGgTJfFTeZi/f800/37f9d546.webp?s=347af15061a8bf2a96ec02bf3267affbcbd6d50e|https://images1.vinted.net/t/06_007b8_hqqRtLh1jzzzd1Vkd94AdqK8/f800/79f3af56.webp?s=6db8af769e4e59fc74aaa88f1175ff905281432f|https://images1.vinted.net/t/02_01006_7d18vZmLki4hA66rZ8xdvNp7/f800/a0414582.webp?s=13cbfdf55a4353efb9b19b523204dc20ebb18156|https://images1.vinted.net/t/04_01562_tz2KxL7aULBsnh7Ue37NwV4q/f800/893e534a.webp?s=a0070657e715abfa2426a39b53eca6a58d591ad3|https://images1.vinted.net/t/06_01d35_XANPLUTRZ9G4UNhg5ter1W4f/f800/7f2ffa5f.webp?s=41e5564e031b3a5d54146ff53b7202e91a654bda|,,N
L147,Vinted,https://www.vinted.com/items/10112691933-3-pairs-mk-sandals-75?referrer=catalog,2026-09-23,shoes,3 pairs MK sandals 7.5,"BrandMichael Kors
Size
7.5
Condition
Satisfactory
Color
Brown, Blue
Uploaded
41 min ago
7.5 3 pairs fair condition sandals they value over $60+ each originally asking $30 for all three !

Black beige & blue",,,32.20,Satisfactory,Frequent Uploads,https://images1.vinted.net/t/02_019a2_VE3vGbtDY65GEjzVLfPo3U6P/f800/c9058583.webp?s=d5fe2d941b3a341290463ad2542f8f76e4fd7b99|https://images1.vinted.net/t/05_01101_bMQvnvpPcz77g89cRvKhCRWF/f800/4e494f3d.webp?s=1aa7737a75d87d4ae2064d5dc7494b3a13d5a5d6|https://images1.vinted.net/t/05_00847_GCEQj3tmTZ6WnuvKXj6PG75i/f800/283eaffb.webp?s=49da03ef5c4c6d2115c4674b2308881f86cd7a62|https://images1.vinted.net/t/05_00ccd_Rbce3VfEnL1M2N6UmKb8CsBj/f800/2b4efe84.webp?s=47f524ff608fa61e1c77396db4adc8c97e01890a|https://images1.vinted.net/t/05_00890_wE5CcmKBJRYz5gJ5x9zBFzVQ/f800/1a592a39.webp?s=0923651d09dbe0496579b099bd4f28efd5d52688|https://images1.vinted.net/t/04_00e5d_MamgeDZbYqGZaxZYfHsm6jJ1/f800/7fa59f0b.webp?s=6ebe8e1a6d7d25a6e2df7b34a6ad83459c89ac66|,3 shoes in one listing,N
L148,Vinted,https://www.vinted.com/items/10107997891-earring-and-necklace-set?referrer=catalog,2026-09-23,jewelry,Earring and Necklace set,"BrandKay Jewelers
Condition
Very good
Material
Silver
Color
Silver
Uploaded
6 hours ago
Barely been worn, I want it gone!",,,26.95,Very Good,,https://images1.vinted.net/t/06_0027c_Qts7ENkWjjgjRA3PUZGqdsXT/f800/af34f9b7.webp?s=a6ef1804327fc157a902de17888c08ddd066c70a|https://images1.vinted.net/t/02_0140e_VEDGWJeGfFDVqhwJEyFgGUsq/f800/714209b0.webp?s=e4665a65706b39d63d5bfdd51d4ed34429493c09|https://images1.vinted.net/t/04_00200_CqggSjh5uKHB5u2cY2o9tPvm/f800/0d01ce45.webp?s=2478b2aed3d6a9dcc5eab5a25ef92d8f69a946eb|https://images1.vinted.net/t/05_007c2_wDQjCf75w66XXEk2eXFVACbq/f800/db9a8e87.webp?s=d8e2f86154802c486dd660fbdf28344fe55a649d|,set -- necklace & bracelet ,N
L149,Vinted,https://www.vinted.com/items/10112495983-alex-and-ani-vintage-sixty-six-hand-of-fatima-hamsa-beaded-wrap-bracelet?referrer=catalog,2026-09-23,jewelry,"Alex and Ani Vintage Sixty-Six ""Hand of Fatima"" Hamsa Beaded Wrap Bracelet","BrandAlex and Ani
Condition
Very good
Color
Gold
Uploaded
an hour ago
Beautiful retired piece from the Alex and Ani Vintage Sixty-Six collection. Features a center horizontal Hamsa hand charm (Hand of Fatima) with geometric patterns.
Perfect for stacking with other bangles or wearing as a standalone statement piece!",,,16.45,Very Good,Frequent Uploads,https://images1.vinted.net/t/05_0267d_JeHVfjoqwYFPmeeySAPcrHqF/f800/6445f76b.webp?s=be95ed0e369504558d7fca064e8b993bf3d8597a|https://images1.vinted.net/t/06_000a5_DhXrW7xT279BZsRFdw5rHu5z/f800/693b0117.webp?s=cecb4d10f23b78ae567a4495f8e366a8b6e474fc|https://images1.vinted.net/t/06_01aa9_Kq5192jAnCYxF6RoHYYX1qoG/f800/389230a3.webp?s=4fcbd425b36e9d032aff6c372e49155697998105|https://images1.vinted.net/t/05_00b16_J36PNKf6dShV88Y8PRSVNmwb/f800/7f95760b.webp?s=843e9d483b67ff194163003419fa8ed64982837c|,,N
L150,Vinted,https://www.vinted.com/items/10089567960-vivienne-westwood-rings-size-8?referrer=catalog,2026-09-23,jewelry,Vivienne Westwood Rings Size #8,"BrandVivienne Westwood
Size
8 / 18.1 mm
Condition
Very good
Color
Burgundy, Gold
Uploaded
a day ago
#Vivienne Westwood Rings
good condition",,,31.15,Very Good,,https://images1.vinted.net/t/06_002ae_qdkT4M4pHw6HjZpGaWRnq7TV/f800/39fc1d9d.webp?s=e476595b13628bfb66ba39d7b67cc35cb1046f2f|https://images1.vinted.net/t/05_02575_1i6qHw4TpUCZVjUUCbBKRt4b/f800/5a34d770.webp?s=6a4292a8dfa5709f1aba8232dee085afecfcc79e|https://images1.vinted.net/t/02_02526_duuW6aAPy4PNpBgoDkhLscMt/f800/6dbc3929.webp?s=d17d282f270149664829eb1cc9424728ddc48575|https://images1.vinted.net/t/02_00c65_v52Vswetf3jDnESmyRTkKseJ/f800/0eeedc49.webp?s=c223d2c1627683dccfccad75fcf0ae1a332e3184|https://images1.vinted.net/t/02_000ea_zuH8iR5VHNP8mqKVQJiepMHR/f800/d6142f36.webp?s=be90ec2025fe514ffd2d37ce710583e4dc313759|https://images1.vinted.net/t/06_01d36_FnG9NqA3jL3iXwWow9dau8HZ/f800/b598f670.webp?s=7daac3a6ed69d60e40fae63d534601d61dfabf0b|,,N